trust,fear,negative,sadness,anger,surprise,positive,disgust,joy,anticipation
0.05263157894736842,0.13157894736842105,0.23684210526315788,0.07894736842105263,0.10526315789473684,0.02631578947368421,0.13157894736842105,0.05263157894736842,0.05263157894736842,0.13157894736842105
0.1062124248496994,0.09619238476953908,0.156312625250501,0.09619238476953908,0.07214428857715431,0.04809619238476954,0.16633266533066132,0.056112224448897796,0.09218436873747494,0.11022044088176353
0.12631578947368421,0.11578947368421053,0.12631578947368421,0.10526315789473684,0.05263157894736842,0.010526315789473684,0.23157894736842105,0.042105263157894736,0.10526315789473684,0.08421052631578947
0.12385321100917432,0.0963302752293578,0.13302752293577982,0.11009174311926606,0.06422018348623854,0.045871559633027525,0.2018348623853211,0.05045871559633028,0.0871559633027523,0.0871559633027523
0.10416666666666667,0.041666666666666664,0.14583333333333334,0.125,0.0625,0.0625,0.20833333333333334,0.020833333333333332,0.125,0.10416666666666667
0.08484848484848485,0.11313131313131314,0.1595959595959596,0.11515151515151516,0.0707070707070707,0.044444444444444446,0.16161616161616163,0.050505050505050504,0.09292929292929293,0.10707070707070707
0.1213235294117647,0.07720588235294118,0.11764705882352941,0.08823529411764706,0.051470588235294115,0.0661764705882353,0.20220588235294118,0.029411764705882353,0.11764705882352941,0.12867647058823528
0.10810810810810811,0.09009009009009009,0.14414414414414414,0.11711711711711711,0.057057057057057055,0.03903903903903904,0.22822822822822822,0.03003003003003003,0.0960960960960961,0.09009009009009009
0.12834224598930483,0.053475935828877004,0.11764705882352941,0.05614973262032086,0.053475935828877004,0.053475935828877004,0.27540106951871657,0.02406417112299465,0.09358288770053476,0.1443850267379679
0.11764705882352941,0.058823529411764705,0.11764705882352941,0.058823529411764705,0.058823529411764705,0.058823529411764705,0.23529411764705882,0.058823529411764705,0.11764705882352941,0.11764705882352941
0.0,0.2,0.2,0.2,0.1,0.0,0.1,0.0,0.0,0.2
0.13725490196078433,0.0784313725490196,0.11764705882352941,0.0784313725490196,0.058823529411764705,0.0392156862745098,0.23529411764705882,0.0392156862745098,0.13725490196078433,0.0784313725490196
0.0,0.1,0.2,0.0,0.2,0.0,0.2,0.1,0.1,0.1
0.09205020920502092,0.10669456066945607,0.1506276150627615,0.10460251046025104,0.07322175732217573,0.0397489539748954,0.18619246861924685,0.056485355648535567,0.09205020920502092,0.09832635983263599
0.09202453987730061,0.09815950920245399,0.1656441717791411,0.09815950920245399,0.0736196319018405,0.04294478527607362,0.19631901840490798,0.05521472392638037,0.08588957055214724,0.09202453987730061
0.11055276381909548,0.09547738693467336,0.1306532663316583,0.10552763819095477,0.05527638190954774,0.06030150753768844,0.21105527638190955,0.02512562814070352,0.09547738693467336,0.11055276381909548
0.11956521739130435,0.08695652173913043,0.10869565217391304,0.09239130434782608,0.07065217391304347,0.03260869565217391,0.1956521739130435,0.043478260869565216,0.11413043478260869,0.1358695652173913
0.14285714285714285,0.047619047619047616,0.14285714285714285,0.14285714285714285,0.0,0.0,0.23809523809523808,0.047619047619047616,0.09523809523809523,0.14285714285714285
0.1095890410958904,0.1232876712328767,0.1643835616438356,0.1643835616438356,0.0684931506849315,0.0684931506849315,0.136986301369863,0.0410958904109589,0.0821917808219178,0.0410958904109589
0.11212814645308924,0.09610983981693363,0.18306636155606407,0.12356979405034325,0.057208237986270026,0.032036613272311214,0.16704805491990846,0.05491990846681922,0.07322654462242563,0.10068649885583524
0.11864406779661017,0.06779661016949153,0.11864406779661017,0.0847457627118644,0.0847457627118644,0.03389830508474576,0.22033898305084745,0.06779661016949153,0.1016949152542373,0.1016949152542373
0.08661417322834646,0.14960629921259844,0.18110236220472442,0.12598425196850394,0.07874015748031496,0.031496062992125984,0.13385826771653545,0.047244094488188976,0.06299212598425197,0.10236220472440945
0.11764705882352941,0.07720588235294118,0.14338235294117646,0.10294117647058823,0.06985294117647059,0.04779411764705882,0.16911764705882354,0.0625,0.09558823529411764,0.11397058823529412
0.0,0.0,0.0,0.0,0.0,0.0,0.0,0.0,0.0,1.0
0.10300429184549356,0.10300429184549356,0.1630901287553648,0.1072961373390558,0.07725321888412018,0.05150214592274678,0.1459227467811159,0.055793991416309016,0.0815450643776824,0.11158798283261803
0.09090909090909091,0.1487603305785124,0.15702479338842976,0.09917355371900827,0.11570247933884298,0.008264462809917356,0.18181818181818182,0.04132231404958678,0.0743801652892562,0.08264462809917356
0.10767160161507403,0.09825033647375504,0.1541049798115747,0.10565275908479138,0.07604306864064603,0.052489905787348586,0.17362045760430686,0.0531628532974428,0.07537012113055182,0.10363391655450875
0.2,0.1,0.15,0.1,0.0,0.0,0.2,0.0,0.1,0.15
0.10824230387288977,0.09930486593843098,0.1717974180734856,0.09632571996027806,0.07845084409136048,0.04667328699106256,0.17576961271102284,0.05362462760675273,0.07249255213505462,0.09731876861966236
0.10909090909090909,0.06363636363636363,0.13636363636363635,0.08181818181818182,0.07272727272727272,0.05454545454545454,0.23636363636363636,0.03636363636363636,0.13636363636363635,0.07272727272727272
0.07848101265822785,0.10886075949367088,0.1949367088607595,0.13670886075949368,0.07848101265822785,0.053164556962025315,0.1240506329113924,0.05822784810126582,0.07848101265822785,0.08860759493670886
0.09322033898305085,0.09322033898305085,0.13559322033898305,0.1016949152542373,0.0423728813559322,0.07627118644067797,0.211864406779661,0.03389830508474576,0.09322033898305085,0.11864406779661017
0.11564625850340136,0.10884353741496598,0.1836734693877551,0.12244897959183673,0.09523809523809523,0.02040816326530612,0.19727891156462585,0.04081632653061224,0.05442176870748299,0.061224489795918366
0.13127413127413126,0.08301158301158301,0.13513513513513514,0.08687258687258688,0.055984555984555984,0.05019305019305019,0.1891891891891892,0.0637065637065637,0.10231660231660232,0.10231660231660232
0.042105263157894736,0.17894736842105263,0.23157894736842105,0.1368421052631579,0.1368421052631579,0.042105263157894736,0.05263157894736842,0.07368421052631578,0.031578947368421054,0.07368421052631578
0.046511627906976744,0.13953488372093023,0.18604651162790697,0.09302325581395349,0.09302325581395349,0.023255813953488372,0.16279069767441862,0.06976744186046512,0.046511627906976744,0.13953488372093023
0.1048951048951049,0.10839160839160839,0.1958041958041958,0.12937062937062938,0.08041958041958042,0.04895104895104895,0.13986013986013987,0.05944055944055944,0.05244755244755245,0.08041958041958042
0.08673469387755102,0.1326530612244898,0.17857142857142858,0.1326530612244898,0.07142857142857142,0.061224489795918366,0.12244897959183673,0.061224489795918366,0.07142857142857142,0.08163265306122448
0.09,0.14,0.18,0.1,0.08,0.06,0.13,0.03,0.06,0.13
0.11827956989247312,0.05913978494623656,0.0913978494623656,0.07526881720430108,0.06989247311827956,0.03763440860215054,0.23655913978494625,0.03763440860215054,0.14516129032258066,0.12903225806451613
0.16216216216216217,0.05405405405405406,0.1891891891891892,0.10810810810810811,0.05405405405405406,0.05405405405405406,0.13513513513513514,0.05405405405405406,0.10810810810810811,0.08108108108108109
0.16666666666666666,0.1111111111111111,0.1111111111111111,0.1111111111111111,0.05555555555555555,0.05555555555555555,0.1111111111111111,0.0,0.1111111111111111,0.16666666666666666
0.030303030303030304,0.15151515151515152,0.21212121212121213,0.12121212121212122,0.09090909090909091,0.06060606060606061,0.09090909090909091,0.09090909090909091,0.09090909090909091,0.06060606060606061
0.10207939508506617,0.11531190926275993,0.17391304347826086,0.08506616257088846,0.0888468809073724,0.03780718336483932,0.15500945179584122,0.045368620037807186,0.08128544423440454,0.11531190926275993
0.0975609756097561,0.08780487804878048,0.12682926829268293,0.0975609756097561,0.05365853658536585,0.03902439024390244,0.2,0.04390243902439024,0.11707317073170732,0.13658536585365855
0.08333333333333333,0.052083333333333336,0.11458333333333333,0.08333333333333333,0.052083333333333336,0.052083333333333336,0.2604166666666667,0.041666666666666664,0.125,0.13541666666666666
0.15126050420168066,0.058823529411764705,0.10084033613445378,0.04201680672268908,0.05042016806722689,0.07563025210084033,0.21008403361344538,0.04201680672268908,0.12605042016806722,0.14285714285714285
0.12,0.08,0.144,0.096,0.056,0.04,0.2,0.032,0.12,0.112
0.0811965811965812,0.1111111111111111,0.17094017094017094,0.10683760683760683,0.09829059829059829,0.04700854700854701,0.1581196581196581,0.06837606837606838,0.07264957264957266,0.08547008547008547
0.125764192139738,0.09606986899563319,0.14410480349344978,0.09694323144104804,0.07336244541484715,0.039301310043668124,0.1930131004366812,0.048034934497816595,0.07248908296943231,0.11091703056768559
0.10869565217391304,0.08695652173913043,0.10869565217391304,0.043478260869565216,0.08695652173913043,0.06521739130434782,0.15217391304347827,0.06521739130434782,0.10869565217391304,0.17391304347826086
0.0903010033444816,0.10702341137123746,0.16722408026755853,0.0903010033444816,0.09698996655518395,0.046822742474916385,0.14715719063545152,0.09698996655518395,0.06688963210702341,0.0903010033444816
0.0,0.10526315789473684,0.2631578947368421,0.21052631578947367,0.10526315789473684,0.0,0.05263157894736842,0.15789473684210525,0.0,0.10526315789473684
0.11570247933884298,0.06611570247933884,0.15702479338842976,0.06611570247933884,0.0743801652892562,0.04132231404958678,0.2066115702479339,0.06611570247933884,0.09917355371900827,0.10743801652892562
0.15789473684210525,0.08771929824561403,0.10526315789473684,0.08771929824561403,0.03508771929824561,0.05263157894736842,0.22807017543859648,0.03508771929824561,0.08771929824561403,0.12280701754385964
0.16666666666666666,0.06666666666666667,0.13333333333333333,0.1,0.13333333333333333,0.0,0.16666666666666666,0.06666666666666667,0.13333333333333333,0.03333333333333333
0.10204081632653061,0.10204081632653061,0.10204081632653061,0.08163265306122448,0.04081632653061224,0.061224489795918366,0.22448979591836735,0.02040816326530612,0.1836734693877551,0.08163265306122448
0.16326530612244897,0.09183673469387756,0.1326530612244898,0.08673469387755102,0.0663265306122449,0.030612244897959183,0.23469387755102042,0.025510204081632654,0.09183673469387756,0.07653061224489796
0.0,0.25,0.25,0.25,0.25,0.0,0.0,0.0,0.0,0.0
0.11009174311926606,0.09174311926605505,0.15137614678899083,0.12614678899082568,0.06880733944954129,0.052752293577981654,0.1444954128440367,0.05963302752293578,0.0871559633027523,0.10779816513761468
0.12158808933002481,0.08933002481389578,0.13895781637717122,0.09181141439205956,0.07444168734491315,0.04714640198511166,0.20843672456575682,0.04466501240694789,0.09181141439205956,0.09181141439205956
0.11070110701107011,0.11070110701107011,0.13284132841328414,0.11439114391143912,0.05904059040590406,0.05904059040590406,0.1992619926199262,0.05166051660516605,0.06273062730627306,0.0996309963099631
0.11578947368421053,0.08947368421052632,0.14736842105263157,0.13157894736842105,0.08421052631578947,0.05789473684210526,0.1631578947368421,0.042105263157894736,0.08421052631578947,0.08421052631578947
0.1331521739130435,0.08967391304347826,0.10597826086956522,0.08695652173913043,0.05434782608695652,0.0625,0.20380434782608695,0.03804347826086957,0.09782608695652174,0.12771739130434784
0.02040816326530612,0.20408163265306123,0.24489795918367346,0.14285714285714285,0.10204081632653061,0.04081632653061224,0.12244897959183673,0.08163265306122448,0.0,0.04081632653061224
0.0933852140077821,0.0933852140077821,0.15953307392996108,0.11284046692607004,0.07003891050583658,0.042801556420233464,0.17898832684824903,0.058365758754863814,0.08560311284046693,0.10505836575875487
0.0,0.07692307692307693,0.23076923076923078,0.07692307692307693,0.23076923076923078,0.0,0.15384615384615385,0.07692307692307693,0.07692307692307693,0.07692307692307693
0.12,0.12,0.12,0.0,0.12,0.16,0.08,0.0,0.08,0.2
0.16666666666666666,0.06666666666666667,0.13333333333333333,0.13333333333333333,0.06666666666666667,0.03333333333333333,0.23333333333333334,0.0,0.1,0.06666666666666667
0.17647058823529413,0.0784313725490196,0.09803921568627451,0.0392156862745098,0.0196078431372549,0.058823529411764705,0.27450980392156865,0.0,0.09803921568627451,0.1568627450980392
0.13432835820895522,0.11940298507462686,0.14925373134328357,0.08955223880597014,0.07462686567164178,0.05970149253731343,0.14925373134328357,0.08955223880597014,0.05970149253731343,0.07462686567164178
0.14759036144578314,0.06927710843373494,0.15963855421686746,0.06626506024096386,0.06927710843373494,0.03313253012048193,0.18674698795180722,0.045180722891566265,0.10240963855421686,0.12048192771084337
0.024691358024691357,0.12345679012345678,0.2345679012345679,0.16049382716049382,0.1111111111111111,0.09876543209876543,0.07407407407407407,0.06172839506172839,0.037037037037037035,0.07407407407407407
0.11,0.1,0.14,0.14,0.07,0.04,0.23,0.03,0.1,0.04
0.1125,0.1125,0.1625,0.0875,0.0625,0.025,0.1875,0.05,0.075,0.125
0.14791666666666667,0.08333333333333333,0.13958333333333334,0.08125,0.05,0.0375,0.21458333333333332,0.035416666666666666,0.07291666666666667,0.1375
0.12958626073380172,0.06401249024199844,0.1209992193598751,0.06323185011709602,0.06167056986729118,0.04996096799375488,0.23185011709601874,0.04371584699453552,0.11553473848555816,0.11943793911007025
0.10701373825018076,0.12147505422993492,0.16702819956616052,0.11569052783803326,0.08387563268257411,0.044107013738250184,0.16124367317425886,0.05422993492407809,0.064352856109906,0.08098336948662328
0.10588235294117647,0.07058823529411765,0.18823529411764706,0.08235294117647059,0.08235294117647059,0.03529411764705882,0.18823529411764706,0.047058823529411764,0.07058823529411765,0.12941176470588237
0.12529550827423167,0.06855791962174941,0.1536643026004728,0.0851063829787234,0.07092198581560284,0.03309692671394799,0.24113475177304963,0.02364066193853428,0.08747044917257683,0.1111111111111111
0.10526315789473684,0.05263157894736842,0.2631578947368421,0.05263157894736842,0.0,0.0,0.21052631578947367,0.05263157894736842,0.10526315789473684,0.15789473684210525
0.11214953271028037,0.09345794392523364,0.17757009345794392,0.14018691588785046,0.08411214953271028,0.04672897196261682,0.11214953271028037,0.06542056074766354,0.056074766355140186,0.11214953271028037
0.0,0.1875,0.375,0.1875,0.0,0.0,0.0,0.25,0.0,0.0
0.12121212121212122,0.10303030303030303,0.15151515151515152,0.09090909090909091,0.06060606060606061,0.01818181818181818,0.18787878787878787,0.030303030303030304,0.11515151515151516,0.12121212121212122
0.12974683544303797,0.08227848101265822,0.13924050632911392,0.08227848101265822,0.05379746835443038,0.04746835443037975,0.20569620253164558,0.03481012658227848,0.10759493670886076,0.11708860759493671
0.06896551724137931,0.2413793103448276,0.20689655172413793,0.1724137931034483,0.10344827586206896,0.0,0.06896551724137931,0.034482758620689655,0.0,0.10344827586206896
0.1323529411764706,0.09313725490196079,0.14705882352941177,0.08333333333333333,0.0784313725490196,0.049019607843137254,0.19607843137254902,0.0392156862745098,0.07352941176470588,0.10784313725490197
0.08509036144578314,0.15060240963855423,0.1897590361445783,0.13704819277108435,0.09036144578313253,0.036897590361445784,0.11370481927710843,0.05421686746987952,0.04442771084337349,0.09789156626506024
0.15384615384615385,0.05128205128205128,0.07692307692307693,0.07692307692307693,0.07692307692307693,0.07692307692307693,0.1794871794871795,0.02564102564102564,0.15384615384615385,0.1282051282051282
0.11219512195121951,0.09268292682926829,0.14878048780487804,0.10121951219512196,0.06585365853658537,0.05365853658536585,0.18292682926829268,0.05365853658536585,0.0975609756097561,0.09146341463414634
0.1282051282051282,0.07692307692307693,0.15384615384615385,0.07692307692307693,0.10256410256410256,0.05128205128205128,0.20512820512820512,0.07692307692307693,0.05128205128205128,0.07692307692307693
0.10625,0.0875,0.16875,0.125,0.1,0.0375,0.125,0.0875,0.075,0.0875
0.10192837465564739,0.11570247933884298,0.12947658402203857,0.07988980716253444,0.06611570247933884,0.07162534435261708,0.18181818181818182,0.05234159779614325,0.0743801652892562,0.12672176308539945
0.14583333333333334,0.10416666666666667,0.20833333333333334,0.08333333333333333,0.125,0.0,0.125,0.0625,0.0625,0.08333333333333333
0.11506849315068493,0.0958904109589041,0.1506849315068493,0.1095890410958904,0.07945205479452055,0.03561643835616438,0.19452054794520549,0.049315068493150684,0.07671232876712329,0.09315068493150686
0.08759124087591241,0.0948905109489051,0.19708029197080293,0.11678832116788321,0.10218978102189781,0.051094890510948905,0.1386861313868613,0.072992700729927,0.072992700729927,0.06569343065693431
0.11682242990654206,0.08644859813084112,0.1425233644859813,0.10046728971962617,0.07710280373831775,0.04906542056074766,0.1588785046728972,0.07009345794392523,0.10747663551401869,0.0911214953271028
0.14035087719298245,0.06578947368421052,0.11842105263157894,0.08771929824561403,0.05263157894736842,0.05263157894736842,0.2236842105263158,0.03070175438596491,0.09649122807017543,0.13157894736842105
0.10047846889952153,0.09090909090909091,0.18660287081339713,0.12440191387559808,0.08133971291866028,0.03349282296650718,0.1674641148325359,0.04784688995215311,0.08133971291866028,0.0861244019138756
0.11983471074380166,0.07851239669421488,0.1487603305785124,0.09710743801652892,0.049586776859504134,0.028925619834710745,0.23760330578512398,0.047520661157024795,0.09090909090909091,0.1012396694214876
0.11764705882352941,0.11764705882352941,0.16470588235294117,0.11764705882352941,0.058823529411764705,0.058823529411764705,0.15294117647058825,0.03529411764705882,0.08235294117647059,0.09411764705882353
0.10294117647058823,0.11764705882352941,0.18529411764705883,0.12058823529411765,0.05,0.04411764705882353,0.13529411764705881,0.041176470588235294,0.058823529411764705,0.14411764705882352
0.12655086848635236,0.1054590570719603,0.141439205955335,0.11290322580645161,0.07568238213399504,0.034739454094292806,0.19230769230769232,0.05707196029776675,0.06823821339950373,0.08560794044665013
0.09375,0.09375,0.1875,0.09375,0.03125,0.0625,0.1875,0.03125,0.125,0.09375
0.0,0.2,0.3,0.3,0.0,0.0,0.1,0.0,0.0,0.1
0.11983471074380166,0.09917355371900827,0.15702479338842976,0.11570247933884298,0.07024793388429752,0.049586776859504134,0.16942148760330578,0.05785123966942149,0.08264462809917356,0.07851239669421488
0.09251101321585903,0.09691629955947137,0.18061674008810572,0.10572687224669604,0.09691629955947137,0.04405286343612335,0.18061674008810572,0.05726872246696035,0.06607929515418502,0.07929515418502203
0.10416666666666667,0.08854166666666667,0.15625,0.10677083333333333,0.06510416666666667,0.052083333333333336,0.19270833333333334,0.044270833333333336,0.08333333333333333,0.10677083333333333
0.08620689655172414,0.07758620689655173,0.15517241379310345,0.1206896551724138,0.07758620689655173,0.02586206896551724,0.22413793103448276,0.0603448275862069,0.08620689655172414,0.08620689655172414
0.08823529411764706,0.08823529411764706,0.14705882352941177,0.14705882352941177,0.029411764705882353,0.058823529411764705,0.20588235294117646,0.029411764705882353,0.08823529411764706,0.11764705882352941
0.11253561253561253,0.08974358974358974,0.17022792022792022,0.10327635327635327,0.06837606837606838,0.0405982905982906,0.20014245014245013,0.04700854700854701,0.07692307692307693,0.09116809116809117
0.078125,0.09375,0.125,0.171875,0.015625,0.0625,0.171875,0.015625,0.125,0.140625
0.09565217391304348,0.11304347826086956,0.1565217391304348,0.09565217391304348,0.09565217391304348,0.05217391304347826,0.14782608695652175,0.06956521739130435,0.06086956521739131,0.11304347826086956
0.12994350282485875,0.08797417271993543,0.14769975786924938,0.08716707021791767,0.06295399515738499,0.037933817594834544,0.20742534301856336,0.0387409200968523,0.08393866020984665,0.1162227602905569
0.11394557823129252,0.11224489795918367,0.1683673469387755,0.11564625850340136,0.0782312925170068,0.03741496598639456,0.17687074829931973,0.047619047619047616,0.05272108843537415,0.09693877551020408
0.12698412698412698,0.07936507936507936,0.14285714285714285,0.07936507936507936,0.09523809523809523,0.047619047619047616,0.15873015873015872,0.09523809523809523,0.07936507936507936,0.09523809523809523
0.10457516339869281,0.11546840958605664,0.17429193899782136,0.11764705882352941,0.0718954248366013,0.0392156862745098,0.14814814814814814,0.054466230936819175,0.0718954248366013,0.10239651416122005
0.13408521303258145,0.07769423558897243,0.11152882205513784,0.08020050125313283,0.07017543859649122,0.043859649122807015,0.22180451127819548,0.043859649122807015,0.10651629072681704,0.11027568922305764
0.17475728155339806,0.04854368932038835,0.08737864077669903,0.07766990291262135,0.06796116504854369,0.05825242718446602,0.21359223300970873,0.04854368932038835,0.11650485436893204,0.10679611650485436
0.0,0.0,0.0,0.0,0.0,0.0,0.0,0.0,0.0,0.0
0.08695652173913043,0.13043478260869565,0.19130434782608696,0.16521739130434782,0.08695652173913043,0.034782608695652174,0.09565217391304348,0.09565217391304348,0.034782608695652174,0.0782608695652174
0.12878787878787878,0.08333333333333333,0.16666666666666666,0.09848484848484848,0.08333333333333333,0.045454545454545456,0.18181818181818182,0.030303030303030304,0.06818181818181818,0.11363636363636363
0.1306122448979592,0.07755102040816327,0.17551020408163265,0.10204081632653061,0.053061224489795916,0.024489795918367346,0.24489795918367346,0.04081632653061224,0.0653061224489796,0.08571428571428572
0.08888888888888889,0.1,0.20666666666666667,0.12,0.09111111111111111,0.03777777777777778,0.14666666666666667,0.06444444444444444,0.05333333333333334,0.09111111111111111
0.12121212121212122,0.09090909090909091,0.13131313131313133,0.10101010101010101,0.06060606060606061,0.04040404040404041,0.20202020202020202,0.030303030303030304,0.12121212121212122,0.10101010101010101
0.12803676953381485,0.09061063690085358,0.15627051871306633,0.09652002626395273,0.06106369008535785,0.05384110308601445,0.1989494418910046,0.03611293499671701,0.07944845699277742,0.09914642153644124
0.10467289719626169,0.09158878504672897,0.16074766355140188,0.10654205607476636,0.06542056074766354,0.028037383177570093,0.19065420560747665,0.0616822429906542,0.09158878504672897,0.09906542056074766
0.1320754716981132,0.08176100628930817,0.1320754716981132,0.11320754716981132,0.05660377358490566,0.05660377358490566,0.18238993710691823,0.03773584905660377,0.10062893081761007,0.1069182389937107
0.13157894736842105,0.08793324775353016,0.14377406931964057,0.0834403080872914,0.06354300385109114,0.04043645699614891,0.21437740693196405,0.04300385109114249,0.08729139922978177,0.10462130937098844
0.08139534883720931,0.12790697674418605,0.11627906976744186,0.05813953488372093,0.046511627906976744,0.046511627906976744,0.20930232558139536,0.023255813953488372,0.11627906976744186,0.1744186046511628
0.18181818181818182,0.05194805194805195,0.07792207792207792,0.03896103896103896,0.03896103896103896,0.09090909090909091,0.23376623376623376,0.012987012987012988,0.11688311688311688,0.15584415584415584
0.1138996138996139,0.09073359073359073,0.16602316602316602,0.11776061776061776,0.07528957528957529,0.04247104247104247,0.18146718146718147,0.05019305019305019,0.07528957528957529,0.08687258687258688
0.0,0.1875,0.25,0.125,0.125,0.0625,0.125,0.0625,0.0,0.0625
0.13245033112582782,0.08609271523178808,0.13245033112582782,0.10596026490066225,0.059602649006622516,0.033112582781456956,0.2582781456953642,0.013245033112582781,0.0728476821192053,0.10596026490066225
0.13761467889908258,0.11009174311926606,0.1926605504587156,0.12844036697247707,0.11926605504587157,0.01834862385321101,0.12844036697247707,0.045871559633027525,0.06422018348623854,0.05504587155963303
0.07317073170731707,0.0975609756097561,0.17073170731707318,0.10569105691056911,0.13821138211382114,0.04878048780487805,0.13008130081300814,0.08130081300813008,0.07317073170731707,0.08130081300813008
0.12,0.10666666666666667,0.18888888888888888,0.12666666666666668,0.07333333333333333,0.028888888888888888,0.15777777777777777,0.051111111111111114,0.05555555555555555,0.09111111111111111
0.12004950495049505,0.09158415841584158,0.1373762376237624,0.09900990099009901,0.06930693069306931,0.05198019801980198,0.18564356435643564,0.04702970297029703,0.09034653465346534,0.10767326732673267
0.12003530450132392,0.08561341571050309,0.15798764342453664,0.09090909090909091,0.06001765225066196,0.06443071491615181,0.18623124448367168,0.05119152691968226,0.07237422771403354,0.11120917917034422
0.14,0.1,0.14,0.1,0.08,0.1,0.1,0.08,0.04,0.12
0.13725490196078433,0.058823529411764705,0.06535947712418301,0.06535947712418301,0.0457516339869281,0.0718954248366013,0.23529411764705882,0.0457516339869281,0.13071895424836602,0.1437908496732026
0.033707865168539325,0.1348314606741573,0.24719101123595505,0.15730337078651685,0.1348314606741573,0.033707865168539325,0.06741573033707865,0.11235955056179775,0.033707865168539325,0.0449438202247191
0.13195876288659794,0.0865979381443299,0.1402061855670103,0.08453608247422681,0.06597938144329897,0.03917525773195876,0.21030927835051547,0.03711340206185567,0.09690721649484536,0.10721649484536082
0.11026615969581749,0.07984790874524715,0.14068441064638784,0.07984790874524715,0.03802281368821293,0.07984790874524715,0.19391634980988592,0.045627376425855515,0.10266159695817491,0.12927756653992395
0.087248322147651,0.12080536912751678,0.21476510067114093,0.11409395973154363,0.10738255033557047,0.04697986577181208,0.10067114093959731,0.0738255033557047,0.0738255033557047,0.06040268456375839
0.12307692307692308,0.046153846153846156,0.18461538461538463,0.046153846153846156,0.07692307692307693,0.03076923076923077,0.2,0.09230769230769231,0.07692307692307693,0.12307692307692308
0.11609498680738786,0.10290237467018469,0.18293755496921724,0.09938434476693052,0.079155672823219,0.03342128408091469,0.1820580474934037,0.055408970976253295,0.06420404573438875,0.08443271767810026
0.10914454277286136,0.11946902654867257,0.1592920353982301,0.12094395280235988,0.0803834808259587,0.05088495575221239,0.13864306784660768,0.06415929203539823,0.06415929203539823,0.09292035398230089
0.1043010752688172,0.09838709677419355,0.16881720430107527,0.11182795698924732,0.06989247311827956,0.043010752688172046,0.15645161290322582,0.06182795698924731,0.08978494623655914,0.0956989247311828
0.11403508771929824,0.06140350877192982,0.14912280701754385,0.08771929824561403,0.05263157894736842,0.043859649122807015,0.21052631578947367,0.05263157894736842,0.10526315789473684,0.12280701754385964
0.12556458897922312,0.07859078590785908,0.10478771454381211,0.07949412827461608,0.04968383017163505,0.04336043360433604,0.23757904245709124,0.04336043360433604,0.1011743450767841,0.13640469738030714
0.1355081555834379,0.07653701380175659,0.13676286072772897,0.0890840652446675,0.050188205771643665,0.05771643663739021,0.20075282308657466,0.037641154328732745,0.09535759096612297,0.12045169385194479
0.11363636363636363,0.09090909090909091,0.13636363636363635,0.1590909090909091,0.06818181818181818,0.045454545454545456,0.18181818181818182,0.0,0.11363636363636363,0.09090909090909091
0.12048192771084337,0.0963855421686747,0.14457831325301204,0.0963855421686747,0.08433734939759036,0.03614457831325301,0.13253012048192772,0.04819277108433735,0.08433734939759036,0.1566265060240964
0.13385826771653545,0.09448818897637795,0.12992125984251968,0.07874015748031496,0.05511811023622047,0.05511811023622047,0.18503937007874016,0.051181102362204724,0.1220472440944882,0.09448818897637795
0.09836065573770492,0.09836065573770492,0.06557377049180328,0.06557377049180328,0.06557377049180328,0.11475409836065574,0.19672131147540983,0.03278688524590164,0.09836065573770492,0.16393442622950818
0.07052896725440806,0.1309823677581864,0.2141057934508816,0.13602015113350127,0.10579345088161209,0.022670025188916875,0.11335012594458438,0.07808564231738035,0.05037783375314862,0.07808564231738035
0.11484823625922888,0.07629204265791632,0.12469237079573421,0.08039376538146022,0.044298605414273995,0.05332239540607055,0.22887612797374898,0.03691550451189499,0.1140278917145201,0.12633305988515175
0.14814814814814814,0.1111111111111111,0.07407407407407407,0.037037037037037035,0.1111111111111111,0.037037037037037035,0.2222222222222222,0.037037037037037035,0.1111111111111111,0.1111111111111111
0.056338028169014086,0.09859154929577464,0.23943661971830985,0.09859154929577464,0.07042253521126761,0.04225352112676056,0.19718309859154928,0.028169014084507043,0.08450704225352113,0.08450704225352113
0.0,0.25,0.25,0.25,0.0,0.0,0.25,0.0,0.0,0.0
0.1054945054945055,0.08571428571428572,0.15384615384615385,0.1076923076923077,0.05934065934065934,0.03956043956043956,0.1978021978021978,0.04395604395604396,0.08571428571428572,0.12087912087912088
0.1532258064516129,0.10215053763440861,0.13709677419354838,0.09946236559139784,0.07526881720430108,0.03763440860215054,0.18010752688172044,0.056451612903225805,0.07258064516129033,0.08602150537634409
0.09278350515463918,0.16494845360824742,0.18556701030927836,0.07216494845360824,0.09278350515463918,0.061855670103092786,0.1134020618556701,0.08247422680412371,0.041237113402061855,0.09278350515463918
0.12481857764876633,0.08490566037735849,0.13497822931785197,0.08708272859216255,0.06313497822931785,0.04862119013062409,0.1995645863570392,0.04354136429608128,0.10522496371552975,0.1081277213352685
0.15254237288135594,0.0847457627118644,0.11864406779661017,0.06779661016949153,0.06779661016949153,0.05084745762711865,0.2711864406779661,0.0,0.06779661016949153,0.11864406779661017
0.07272727272727272,0.10909090909090909,0.14545454545454545,0.16363636363636364,0.10909090909090909,0.05454545454545454,0.10909090909090909,0.07272727272727272,0.07272727272727272,0.09090909090909091
0.09090909090909091,0.045454545454545456,0.09090909090909091,0.09090909090909091,0.045454545454545456,0.09090909090909091,0.25,0.06818181818181818,0.06818181818181818,0.1590909090909091
0.0,0.25,0.25,0.25,0.125,0.0,0.0,0.0625,0.0,0.0625
0.13529411764705881,0.058823529411764705,0.1,0.06764705882352941,0.052941176470588235,0.041176470588235294,0.23823529411764705,0.05,0.1264705882352941,0.12941176470588237
0.1095890410958904,0.08904109589041095,0.1506849315068493,0.08904109589041095,0.0821917808219178,0.04794520547945205,0.22602739726027396,0.0410958904109589,0.0684931506849315,0.0958904109589041
0.0967741935483871,0.03225806451612903,0.16129032258064516,0.12903225806451613,0.0967741935483871,0.03225806451612903,0.1935483870967742,0.06451612903225806,0.06451612903225806,0.12903225806451613
0.23809523809523808,0.09523809523809523,0.19047619047619047,0.19047619047619047,0.047619047619047616,0.0,0.09523809523809523,0.0,0.09523809523809523,0.047619047619047616
0.08846153846153847,0.09615384615384616,0.20384615384615384,0.11538461538461539,0.07307692307692308,0.03461538461538462,0.15384615384615385,0.06923076923076923,0.07307692307692308,0.09230769230769231
0.12713178294573643,0.07054263565891473,0.12790697674418605,0.09457364341085271,0.05503875968992248,0.04496124031007752,0.1937984496124031,0.04108527131782946,0.10697674418604651,0.13798449612403102
0.11529933481152993,0.06430155210643015,0.12638580931263857,0.06430155210643015,0.04878048780487805,0.057649667405764965,0.22394678492239467,0.03991130820399113,0.12195121951219512,0.13747228381374724
0.13059360730593608,0.0776255707762557,0.15799086757990868,0.09497716894977169,0.07031963470319634,0.0410958904109589,0.1735159817351598,0.04200913242009133,0.10410958904109589,0.10776255707762557
0.08571428571428572,0.14285714285714285,0.21428571428571427,0.18571428571428572,0.11428571428571428,0.02857142857142857,0.05714285714285714,0.08571428571428572,0.02857142857142857,0.05714285714285714
0.144,0.08533333333333333,0.14666666666666667,0.09866666666666667,0.06666666666666667,0.04,0.18666666666666668,0.050666666666666665,0.088,0.09333333333333334
0.11568938193343899,0.0919175911251981,0.15847860538827258,0.11251980982567353,0.07606973058637084,0.03328050713153724,0.18225039619651348,0.06656101426307448,0.07448494453248812,0.08874801901743265
0.11007025761124122,0.13114754098360656,0.15456674473067916,0.11007025761124122,0.08430913348946135,0.02810304449648712,0.18266978922716628,0.04449648711943794,0.06557377049180328,0.08899297423887588
0.10067114093959731,0.10067114093959731,0.15436241610738255,0.10738255033557047,0.03355704697986577,0.04697986577181208,0.2550335570469799,0.026845637583892617,0.06711409395973154,0.10738255033557047
0.11076604554865424,0.08488612836438923,0.16356107660455488,0.09213250517598344,0.07142857142857142,0.041407867494824016,0.19254658385093168,0.051759834368530024,0.09420289855072464,0.09730848861283643
0.375,0.0,0.0,0.0,0.0,0.0,0.375,0.0,0.125,0.125
0.11282051282051282,0.09230769230769231,0.1282051282051282,0.09230769230769231,0.05128205128205128,0.08717948717948718,0.17435897435897435,0.03076923076923077,0.1076923076923077,0.12307692307692308
0.12903225806451613,0.0967741935483871,0.12903225806451613,0.12903225806451613,0.06451612903225806,0.0,0.2903225806451613,0.03225806451612903,0.03225806451612903,0.0967741935483871
0.14285714285714285,0.08305647840531562,0.132890365448505,0.07308970099667775,0.046511627906976744,0.053156146179401995,0.23255813953488372,0.036544850498338874,0.11295681063122924,0.08637873754152824
0.09510869565217392,0.11684782608695653,0.20380434782608695,0.14130434782608695,0.08423913043478261,0.024456521739130436,0.13043478260869565,0.043478260869565216,0.07608695652173914,0.08423913043478261
0.11290322580645161,0.14516129032258066,0.1935483870967742,0.14516129032258066,0.08064516129032258,0.03225806451612903,0.11290322580645161,0.04838709677419355,0.03225806451612903,0.0967741935483871
0.10604929051530994,0.09335324869305452,0.15011202389843167,0.11426437640029873,0.06721433905899925,0.05003734129947722,0.16056758775205376,0.05153099327856609,0.0948469006721434,0.11202389843166542
0.08029197080291971,0.10583941605839416,0.17883211678832117,0.12773722627737227,0.08394160583941605,0.043795620437956206,0.145985401459854,0.06204379562043796,0.072992700729927,0.09854014598540146
0.12195121951219512,0.0975609756097561,0.0975609756097561,0.0975609756097561,0.04878048780487805,0.04878048780487805,0.17073170731707318,0.024390243902439025,0.17073170731707318,0.12195121951219512
0.11363636363636363,0.07954545454545454,0.22727272727272727,0.125,0.056818181818181816,0.022727272727272728,0.19318181818181818,0.03409090909090909,0.045454545454545456,0.10227272727272728
0.18181818181818182,0.045454545454545456,0.13636363636363635,0.045454545454545456,0.06818181818181818,0.06818181818181818,0.1590909090909091,0.045454545454545456,0.13636363636363635,0.11363636363636363
0.08928571428571429,0.08928571428571429,0.125,0.10714285714285714,0.10714285714285714,0.07142857142857142,0.125,0.10714285714285714,0.08928571428571429,0.08928571428571429
0.07377049180327869,0.11475409836065574,0.18032786885245902,0.12295081967213115,0.10655737704918032,0.028688524590163935,0.13114754098360656,0.07377049180327869,0.06967213114754098,0.09836065573770492
0.07906976744186046,0.12558139534883722,0.17209302325581396,0.13023255813953488,0.06511627906976744,0.023255813953488372,0.15813953488372093,0.05581395348837209,0.07906976744186046,0.11162790697674418
0.11351351351351352,0.0918918918918919,0.14594594594594595,0.10810810810810811,0.07027027027027027,0.05405405405405406,0.16756756756756758,0.05405405405405406,0.0918918918918919,0.10270270270270271
0.06666666666666667,0.2,0.2,0.13333333333333333,0.1,0.0,0.1,0.06666666666666667,0.03333333333333333,0.1
0.0966183574879227,0.09178743961352658,0.14492753623188406,0.06763285024154589,0.043478260869565216,0.07729468599033816,0.21256038647342995,0.03864734299516908,0.08695652173913043,0.14009661835748793
0.125,0.25,0.25,0.125,0.125,0.0,0.125,0.0,0.0,0.0
0.09375,0.125,0.2109375,0.109375,0.0625,0.0390625,0.109375,0.078125,0.0703125,0.1015625
0.06060606060606061,0.06060606060606061,0.12121212121212122,0.09090909090909091,0.09090909090909091,0.030303030303030304,0.2727272727272727,0.0,0.09090909090909091,0.18181818181818182
0.10760667903525047,0.10698824984539271,0.1886209029066172,0.14594928880643165,0.055658627087198514,0.04081632653061224,0.16326530612244897,0.04390847247990105,0.06802721088435375,0.07915893630179345
0.07913669064748201,0.07913669064748201,0.14388489208633093,0.08633093525179857,0.06474820143884892,0.04316546762589928,0.2446043165467626,0.02877697841726619,0.12949640287769784,0.10071942446043165
0.11572052401746726,0.08733624454148471,0.15938864628820962,0.0982532751091703,0.056768558951965066,0.05240174672489083,0.185589519650655,0.05240174672489083,0.08733624454148471,0.10480349344978165
0.13072877535687452,0.09767092411720511,0.1487603305785124,0.10743801652892562,0.06235912847483095,0.04583020285499624,0.18332081141998496,0.04808414725770098,0.07362885048835462,0.10217881292261458
0.096045197740113,0.14124293785310735,0.192090395480226,0.14689265536723164,0.07909604519774012,0.02824858757062147,0.1016949152542373,0.062146892655367235,0.05649717514124294,0.096045197740113
0.13427561837455831,0.0989399293286219,0.10954063604240283,0.08833922261484099,0.053003533568904596,0.04946996466431095,0.21554770318021202,0.04946996466431095,0.09540636042402827,0.10600706713780919
0.15789473684210525,0.10526315789473684,0.21052631578947367,0.10526315789473684,0.05263157894736842,0.0,0.10526315789473684,0.0,0.05263157894736842,0.21052631578947367
0.10303030303030303,0.0993939393939394,0.16484848484848486,0.10181818181818182,0.05818181818181818,0.055757575757575756,0.18787878787878787,0.044848484848484846,0.08363636363636363,0.1006060606060606
0.11470588235294117,0.11764705882352941,0.13529411764705881,0.10294117647058823,0.07647058823529412,0.05,0.16470588235294117,0.058823529411764705,0.07352941176470588,0.10588235294117647
0.11513157894736842,0.1118421052631579,0.16776315789473684,0.10526315789473684,0.0756578947368421,0.02631578947368421,0.19407894736842105,0.0625,0.07236842105263158,0.06907894736842106
0.1303680981595092,0.09202453987730061,0.15337423312883436,0.10736196319018405,0.06288343558282208,0.04141104294478527,0.19171779141104295,0.05214723926380368,0.0843558282208589,0.0843558282208589
0.09565217391304348,0.10869565217391304,0.17391304347826086,0.1,0.07391304347826087,0.05217391304347826,0.16521739130434782,0.05217391304347826,0.06521739130434782,0.11304347826086956
0.08088235294117647,0.11029411764705882,0.16176470588235295,0.10294117647058823,0.058823529411764705,0.051470588235294115,0.18382352941176472,0.03676470588235294,0.08823529411764706,0.125
0.13793103448275862,0.10344827586206896,0.1206896551724138,0.10344827586206896,0.05172413793103448,0.05172413793103448,0.20689655172413793,0.05172413793103448,0.08620689655172414,0.08620689655172414
0.06666666666666667,0.06666666666666667,0.2,0.08888888888888889,0.08888888888888889,0.044444444444444446,0.2222222222222222,0.022222222222222223,0.1111111111111111,0.08888888888888889
0.13763440860215054,0.08817204301075268,0.14193548387096774,0.09247311827956989,0.05161290322580645,0.03225806451612903,0.2,0.05591397849462366,0.0989247311827957,0.1010752688172043
0.03225806451612903,0.0967741935483871,0.12903225806451613,0.0967741935483871,0.12903225806451613,0.0967741935483871,0.16129032258064516,0.0967741935483871,0.06451612903225806,0.0967741935483871
0.11927480916030535,0.08492366412213741,0.14122137404580154,0.09923664122137404,0.05534351145038168,0.046755725190839696,0.21469465648854963,0.04103053435114504,0.09446564885496184,0.10305343511450382
0.09090909090909091,0.12527716186252771,0.18070953436807094,0.11751662971175167,0.0942350332594235,0.03325942350332594,0.12971175166297116,0.08314855875831485,0.06319290465631928,0.082039911308204
0.1347517730496454,0.0790273556231003,0.13677811550151975,0.08206686930091185,0.057750759878419454,0.05977710233029382,0.19756838905775076,0.04154002026342452,0.11043566362715299,0.10030395136778116
0.13522012578616352,0.09748427672955975,0.16037735849056603,0.10062893081761007,0.06289308176100629,0.02830188679245283,0.1761006289308176,0.0440251572327044,0.09433962264150944,0.10062893081761007
0.11330049261083744,0.0960591133004926,0.15024630541871922,0.09113300492610837,0.06896551724137931,0.05172413793103448,0.19704433497536947,0.03694581280788178,0.08620689655172414,0.10837438423645321
0.1,0.08181818181818182,0.16363636363636364,0.10909090909090909,0.09090909090909091,0.07272727272727272,0.17272727272727273,0.06363636363636363,0.06363636363636363,0.08181818181818182
0.1509433962264151,0.05660377358490566,0.14150943396226415,0.07547169811320754,0.04716981132075472,0.07547169811320754,0.16981132075471697,0.04716981132075472,0.11320754716981132,0.12264150943396226
0.10714285714285714,0.17857142857142858,0.21428571428571427,0.07142857142857142,0.07142857142857142,0.07142857142857142,0.10714285714285714,0.03571428571428571,0.10714285714285714,0.03571428571428571
0.14705882352941177,0.1323529411764706,0.1323529411764706,0.1323529411764706,0.08823529411764706,0.029411764705882353,0.1323529411764706,0.029411764705882353,0.10294117647058823,0.07352941176470588
0.1323529411764706,0.06372549019607843,0.13725490196078433,0.12254901960784313,0.049019607843137254,0.07352941176470588,0.18627450980392157,0.0392156862745098,0.08823529411764706,0.10784313725490197
0.16267942583732056,0.12440191387559808,0.1722488038277512,0.07177033492822966,0.06698564593301436,0.028708133971291867,0.19617224880382775,0.05263157894736842,0.05263157894736842,0.07177033492822966
0.07575757575757576,0.12121212121212122,0.19696969696969696,0.16666666666666666,0.12121212121212122,0.015151515151515152,0.12121212121212122,0.10606060606060606,0.015151515151515152,0.06060606060606061
0.09730250481695568,0.08863198458574181,0.1628131021194605,0.10789980732177264,0.08574181117533719,0.04527938342967245,0.18304431599229287,0.06358381502890173,0.07225433526011561,0.09344894026974952
0.125,0.125,0.125,0.125,0.08333333333333333,0.0,0.25,0.08333333333333333,0.08333333333333333,0.0
0.04929577464788732,0.1619718309859155,0.21830985915492956,0.14084507042253522,0.11971830985915492,0.028169014084507043,0.09859154929577464,0.09154929577464789,0.035211267605633804,0.056338028169014086
0.061224489795918366,0.1836734693877551,0.20408163265306123,0.14285714285714285,0.12244897959183673,0.02040816326530612,0.08163265306122448,0.061224489795918366,0.04081632653061224,0.08163265306122448
0.09375,0.125,0.15625,0.07291666666666667,0.08333333333333333,0.0625,0.15625,0.0625,0.07291666666666667,0.11458333333333333
0.10144927536231885,0.10434782608695652,0.14782608695652175,0.10434782608695652,0.06666666666666667,0.04927536231884058,0.17971014492753623,0.04927536231884058,0.07536231884057971,0.12173913043478261
0.1202113606340819,0.08586525759577279,0.14398943196829592,0.0845442536327609,0.05680317040951123,0.05680317040951123,0.21136063408190225,0.03830911492734478,0.08850726552179657,0.11360634081902246
0.125,0.0625,0.25,0.25,0.0625,0.0,0.0625,0.0,0.0625,0.125
0.1095890410958904,0.1095890410958904,0.1643835616438356,0.1095890410958904,0.0958904109589041,0.0547945205479452,0.1232876712328767,0.0821917808219178,0.0821917808219178,0.0684931506849315
0.14375,0.075,0.15,0.09375,0.0625,0.04375,0.18125,0.05625,0.09375,0.1
0.1035007610350076,0.0974124809741248,0.1933028919330289,0.1293759512937595,0.0791476407914764,0.0334855403348554,0.1628614916286149,0.0502283105022831,0.0593607305936073,0.091324200913242
0.02564102564102564,0.15384615384615385,0.1794871794871795,0.15384615384615385,0.1282051282051282,0.05128205128205128,0.07692307692307693,0.1282051282051282,0.05128205128205128,0.05128205128205128
0.1111111111111111,0.07407407407407407,0.18518518518518517,0.07407407407407407,0.037037037037037035,0.14814814814814814,0.1111111111111111,0.037037037037037035,0.07407407407407407,0.14814814814814814
0.12244897959183673,0.08905380333951762,0.15398886827458255,0.10760667903525047,0.06307977736549165,0.05194805194805195,0.17439703153988867,0.04823747680890538,0.08534322820037106,0.1038961038961039
0.12605042016806722,0.07683073229291716,0.1524609843937575,0.10204081632653061,0.056422569027611044,0.04081632653061224,0.20048019207683074,0.04561824729891957,0.08643457382953182,0.11284513805522209
0.10891812865497076,0.10891812865497076,0.17470760233918128,0.10818713450292397,0.07090643274853801,0.03435672514619883,0.19298245614035087,0.0445906432748538,0.05847953216374269,0.097953216374269
0.06666666666666667,0.1111111111111111,0.24444444444444444,0.15555555555555556,0.1,0.022222222222222223,0.13333333333333333,0.07777777777777778,0.044444444444444446,0.044444444444444446
0.0,0.3333333333333333,0.3333333333333333,0.3333333333333333,0.0,0.0,0.0,0.0,0.0,0.0
0.1015625,0.08333333333333333,0.1484375,0.09635416666666667,0.08854166666666667,0.057291666666666664,0.16927083333333334,0.052083333333333336,0.08072916666666667,0.12239583333333333
0.10362694300518134,0.08808290155440414,0.19689119170984457,0.12435233160621761,0.07772020725388601,0.04145077720207254,0.13471502590673576,0.05699481865284974,0.08808290155440414,0.08808290155440414
0.11538461538461539,0.11538461538461539,0.17307692307692307,0.09615384615384616,0.038461538461538464,0.07692307692307693,0.19230769230769232,0.0,0.09615384615384616,0.09615384615384616
0.14367816091954022,0.08620689655172414,0.16666666666666666,0.11494252873563218,0.08045977011494253,0.022988505747126436,0.16666666666666666,0.05172413793103448,0.08045977011494253,0.08620689655172414
0.11483253588516747,0.11004784688995216,0.15311004784688995,0.0861244019138756,0.07177033492822966,0.04784688995215311,0.17703349282296652,0.03827751196172249,0.09569377990430622,0.10526315789473684
0.13403141361256546,0.07958115183246073,0.12984293193717278,0.08795811518324607,0.07853403141361257,0.027225130890052355,0.23350785340314137,0.04397905759162304,0.09214659685863874,0.09319371727748692
0.10606060606060606,0.15151515151515152,0.16666666666666666,0.10606060606060606,0.12121212121212122,0.030303030303030304,0.13636363636363635,0.06060606060606061,0.045454545454545456,0.07575757575757576
0.1111111111111111,0.07936507936507936,0.1111111111111111,0.09523809523809523,0.06349206349206349,0.047619047619047616,0.20634920634920634,0.031746031746031744,0.12698412698412698,0.12698412698412698
0.12,0.08,0.12,0.08,0.08,0.04,0.16,0.04,0.12,0.16
0.07142857142857142,0.125,0.19642857142857142,0.10714285714285714,0.125,0.03571428571428571,0.08928571428571429,0.10714285714285714,0.03571428571428571,0.10714285714285714
0.1,0.10952380952380952,0.14523809523809525,0.08095238095238096,0.09523809523809523,0.04523809523809524,0.1880952380952381,0.05952380952380952,0.08333333333333333,0.09285714285714286
0.11538461538461539,0.07692307692307693,0.20192307692307693,0.11538461538461539,0.08653846153846154,0.0673076923076923,0.14423076923076922,0.038461538461538464,0.0673076923076923,0.08653846153846154
0.043478260869565216,0.17391304347826086,0.2608695652173913,0.13043478260869565,0.17391304347826086,0.0,0.043478260869565216,0.08695652173913043,0.043478260869565216,0.043478260869565216
0.11607738492328219,0.08405603735823883,0.13675783855903936,0.08205470313542361,0.07071380920613743,0.06470980653769179,0.1741160773849233,0.04536357571714476,0.10340226817878585,0.12274849899933289
0.09923664122137404,0.08778625954198473,0.16793893129770993,0.08396946564885496,0.09923664122137404,0.03816793893129771,0.22137404580152673,0.04961832061068702,0.0648854961832061,0.08778625954198473
0.12690355329949238,0.07106598984771574,0.14213197969543148,0.08121827411167512,0.05583756345177665,0.06091370558375635,0.18781725888324874,0.06091370558375635,0.08629441624365482,0.12690355329949238
0.14285714285714285,0.14285714285714285,0.14285714285714285,0.14285714285714285,0.0,0.0,0.21428571428571427,0.0,0.07142857142857142,0.14285714285714285
0.11522633744855967,0.09053497942386832,0.15843621399176955,0.11316872427983539,0.06790123456790123,0.03292181069958848,0.18518518518518517,0.06378600823045268,0.06995884773662552,0.102880658436214
0.13521330441070137,0.07953723788864786,0.14461315979754158,0.0911062906724512,0.05856832971800434,0.04193781634128706,0.22487346348517714,0.0455531453362256,0.08315256688358641,0.09544468546637744
0.14893617021276595,0.05319148936170213,0.11702127659574468,0.06382978723404255,0.06382978723404255,0.0425531914893617,0.26595744680851063,0.05319148936170213,0.10638297872340426,0.0851063829787234
0.0,0.07142857142857142,0.07142857142857142,0.07142857142857142,0.07142857142857142,0.14285714285714285,0.21428571428571427,0.07142857142857142,0.07142857142857142,0.21428571428571427
0.10204081632653061,0.10204081632653061,0.1836734693877551,0.14285714285714285,0.10204081632653061,0.04081632653061224,0.12244897959183673,0.061224489795918366,0.08163265306122448,0.061224489795918366
0.022727272727272728,0.18181818181818182,0.22727272727272727,0.1590909090909091,0.1590909090909091,0.06818181818181818,0.06818181818181818,0.045454545454545456,0.045454545454545456,0.022727272727272728
0.14018691588785046,0.102803738317757,0.19626168224299065,0.14018691588785046,0.06542056074766354,0.028037383177570093,0.14018691588785046,0.037383177570093455,0.07476635514018691,0.07476635514018691
0.16831683168316833,0.0594059405940594,0.1188118811881188,0.10891089108910891,0.04950495049504951,0.039603960396039604,0.25742574257425743,0.009900990099009901,0.09900990099009901,0.0891089108910891
0.12380952380952381,0.08571428571428572,0.16666666666666666,0.08571428571428572,0.07142857142857142,0.047619047619047616,0.19523809523809524,0.0380952380952381,0.0761904761904762,0.10952380952380952
0.09836065573770492,0.11475409836065574,0.14754098360655737,0.08196721311475409,0.08196721311475409,0.04918032786885246,0.16393442622950818,0.08196721311475409,0.08196721311475409,0.09836065573770492
0.041666666666666664,0.14583333333333334,0.20833333333333334,0.16666666666666666,0.0625,0.0625,0.10416666666666667,0.0625,0.0625,0.08333333333333333
0.1506849315068493,0.0547945205479452,0.1643835616438356,0.0684931506849315,0.0547945205479452,0.0410958904109589,0.2054794520547945,0.0821917808219178,0.0684931506849315,0.1095890410958904
0.171875,0.09375,0.203125,0.109375,0.09375,0.03125,0.125,0.046875,0.0625,0.0625
0.16666666666666666,0.08333333333333333,0.16666666666666666,0.020833333333333332,0.08333333333333333,0.0625,0.1875,0.020833333333333332,0.08333333333333333,0.125
0.04878048780487805,0.14634146341463414,0.24390243902439024,0.14634146341463414,0.12195121951219512,0.036585365853658534,0.07317073170731707,0.08536585365853659,0.036585365853658534,0.06097560975609756
0.05813953488372093,0.13372093023255813,0.19767441860465115,0.14534883720930233,0.0872093023255814,0.046511627906976744,0.1686046511627907,0.05232558139534884,0.040697674418604654,0.06976744186046512
0.11373390557939914,0.08047210300429185,0.14484978540772533,0.09549356223175966,0.0815450643776824,0.046137339055793994,0.1963519313304721,0.048283261802575105,0.09763948497854077,0.09549356223175966
0.14814814814814814,0.07407407407407407,0.18518518518518517,0.07407407407407407,0.037037037037037035,0.037037037037037035,0.25925925925925924,0.037037037037037035,0.07407407407407407,0.07407407407407407
0.12058823529411765,0.06470588235294118,0.13529411764705881,0.07941176470588235,0.061764705882352944,0.04411764705882353,0.24411764705882352,0.03529411764705882,0.1,0.11470588235294117
0.10378787878787879,0.11060606060606061,0.1606060606060606,0.10454545454545454,0.08257575757575758,0.035606060606060606,0.1856060606060606,0.05075757575757576,0.07045454545454545,0.09545454545454546
0.12162162162162163,0.06756756756756757,0.14864864864864866,0.06756756756756757,0.14864864864864866,0.06756756756756757,0.13513513513513514,0.04054054054054054,0.10810810810810811,0.0945945945945946
0.14193548387096774,0.06451612903225806,0.14838709677419354,0.08387096774193549,0.06451612903225806,0.04516129032258064,0.21935483870967742,0.025806451612903226,0.1032258064516129,0.1032258064516129
0.09230769230769231,0.12307692307692308,0.23076923076923078,0.12307692307692308,0.06153846153846154,0.03076923076923077,0.12307692307692308,0.06153846153846154,0.06153846153846154,0.09230769230769231
0.09433962264150944,0.08490566037735849,0.1509433962264151,0.11320754716981132,0.05660377358490566,0.05660377358490566,0.20754716981132076,0.018867924528301886,0.10377358490566038,0.11320754716981132
0.11682242990654206,0.08878504672897196,0.13551401869158877,0.08411214953271028,0.08411214953271028,0.056074766355140186,0.1542056074766355,0.06542056074766354,0.09813084112149532,0.11682242990654206
0.11969111969111969,0.1274131274131274,0.20077220077220076,0.08494208494208494,0.0694980694980695,0.03088803088803089,0.19305019305019305,0.04633204633204633,0.04633204633204633,0.08108108108108109
0.123941493456505,0.08160123171670516,0.1331793687451886,0.0869899923017706,0.06928406466512702,0.05234795996920708,0.19707467282525018,0.05388760585065435,0.08391070053887606,0.11778290993071594
0.13559322033898305,0.06779661016949153,0.09322033898305085,0.0847457627118644,0.06779661016949153,0.06779661016949153,0.2033898305084746,0.059322033898305086,0.1016949152542373,0.11864406779661017
0.22033898305084745,0.059322033898305086,0.06779661016949153,0.0423728813559322,0.01694915254237288,0.0423728813559322,0.3389830508474576,0.00847457627118644,0.11016949152542373,0.09322033898305085
0.1242603550295858,0.07869822485207101,0.13431952662721894,0.10059171597633136,0.06568047337278106,0.04378698224852071,0.2183431952662722,0.04674556213017751,0.09763313609467456,0.08994082840236686
0.12195121951219512,0.12195121951219512,0.1524390243902439,0.0975609756097561,0.10975609756097561,0.024390243902439025,0.14634146341463414,0.09146341463414634,0.08536585365853659,0.04878048780487805
0.11506276150627615,0.07322175732217573,0.13598326359832635,0.08786610878661087,0.06485355648535565,0.043933054393305436,0.22594142259414227,0.03556485355648536,0.1087866108786611,0.1087866108786611
0.15625,0.0625,0.09375,0.0625,0.0625,0.0625,0.1875,0.03125,0.15625,0.125
0.11650485436893204,0.1262135922330097,0.1941747572815534,0.08737864077669903,0.08737864077669903,0.038834951456310676,0.14563106796116504,0.038834951456310676,0.07766990291262135,0.08737864077669903
0.10714285714285714,0.07142857142857142,0.14285714285714285,0.10714285714285714,0.0,0.10714285714285714,0.17857142857142858,0.0,0.17857142857142858,0.10714285714285714
0.14218009478672985,0.07109004739336493,0.14218009478672985,0.0995260663507109,0.06635071090047394,0.04265402843601896,0.21800947867298578,0.037914691943127965,0.07582938388625593,0.10426540284360189
0.0949367088607595,0.10126582278481013,0.189873417721519,0.12658227848101267,0.06329113924050633,0.0189873417721519,0.20253164556962025,0.02531645569620253,0.06962025316455696,0.10759493670886076
0.0,0.14285714285714285,0.2857142857142857,0.2857142857142857,0.2857142857142857,0.0,0.0,0.0,0.0,0.0
0.09090909090909091,0.12396694214876033,0.2066115702479339,0.1322314049586777,0.08264462809917356,0.04132231404958678,0.11570247933884298,0.06611570247933884,0.06611570247933884,0.0743801652892562
0.13232104121475055,0.0824295010845987,0.13665943600867678,0.08459869848156182,0.06724511930585683,0.05639913232104121,0.1822125813449024,0.04338394793926247,0.09327548806941431,0.12147505422993492
0.10471204188481675,0.08376963350785341,0.14659685863874344,0.11518324607329843,0.07329842931937172,0.05759162303664921,0.15706806282722513,0.06282722513089005,0.1099476439790576,0.08900523560209424
0.07766990291262135,0.14563106796116504,0.18446601941747573,0.13592233009708737,0.10679611650485436,0.019417475728155338,0.13592233009708737,0.02912621359223301,0.08737864077669903,0.07766990291262135
0.1050328227571116,0.09846827133479212,0.18599562363238512,0.10940919037199125,0.08096280087527352,0.03938730853391685,0.1575492341356674,0.05032822757111598,0.08533916849015317,0.087527352297593
0.14942528735632185,0.08045977011494253,0.10344827586206896,0.08045977011494253,0.04597701149425287,0.05747126436781609,0.1839080459770115,0.034482758620689655,0.13793103448275862,0.12643678160919541
0.11594202898550725,0.10628019323671498,0.14492753623188406,0.13043478260869565,0.0821256038647343,0.04830917874396135,0.16908212560386474,0.033816425120772944,0.0821256038647343,0.08695652173913043
0.11889035667107001,0.09247027741083223,0.14002642007926025,0.0964332892998679,0.06605019815059446,0.05019815059445178,0.16512549537648613,0.05416116248348745,0.10039630118890357,0.11624834874504623
0.09767441860465116,0.08837209302325581,0.14418604651162792,0.08837209302325581,0.07906976744186046,0.046511627906976744,0.19069767441860466,0.05116279069767442,0.11627906976744186,0.09767441860465116
0.09523809523809523,0.19047619047619047,0.23809523809523808,0.09523809523809523,0.14285714285714285,0.047619047619047616,0.09523809523809523,0.047619047619047616,0.047619047619047616,0.0
0.15384615384615385,0.07692307692307693,0.07692307692307693,0.07692307692307693,0.0,0.15384615384615385,0.15384615384615385,0.0,0.15384615384615385,0.15384615384615385
0.10612244897959183,0.07755102040816327,0.1306122448979592,0.12244897959183673,0.07346938775510205,0.044897959183673466,0.19183673469387755,0.04897959183673469,0.08571428571428572,0.11836734693877551
0.13228699551569506,0.10089686098654709,0.15246636771300448,0.11210762331838565,0.08071748878923767,0.033632286995515695,0.16143497757847533,0.04484304932735426,0.07174887892376682,0.10986547085201794
0.12074303405572756,0.0784313725490196,0.12796697626418987,0.09287925696594428,0.07120743034055728,0.04540763673890609,0.20536635706914344,0.04953560371517028,0.10835913312693499,0.1001031991744066
0.07675438596491228,0.1206140350877193,0.18640350877192982,0.10087719298245613,0.09429824561403509,0.05043859649122807,0.14473684210526316,0.05701754385964912,0.07236842105263158,0.09649122807017543
0.14492753623188406,0.10869565217391304,0.14492753623188406,0.09420289855072464,0.06521739130434782,0.057971014492753624,0.13768115942028986,0.043478260869565216,0.07246376811594203,0.13043478260869565
0.11392405063291139,0.10126582278481013,0.13924050632911392,0.0759493670886076,0.0759493670886076,0.05063291139240506,0.17721518987341772,0.06329113924050633,0.08860759493670886,0.11392405063291139
0.12693726937269373,0.09003690036900369,0.16088560885608857,0.08856088560885608,0.06642066420664207,0.05461254612546126,0.18081180811808117,0.043542435424354244,0.07232472324723248,0.11586715867158671
0.10263929618768329,0.09824046920821114,0.16129032258064516,0.10410557184750734,0.08651026392961877,0.045454545454545456,0.15395894428152493,0.06158357771260997,0.0689149560117302,0.11730205278592376
0.1166077738515901,0.07420494699646643,0.1413427561837456,0.08833922261484099,0.0706713780918728,0.05653710247349823,0.20848056537102475,0.038869257950530034,0.10600706713780919,0.0989399293286219
0.11059907834101383,0.09216589861751152,0.1889400921658986,0.10138248847926268,0.07834101382488479,0.041474654377880185,0.1889400921658986,0.04608294930875576,0.07834101382488479,0.07373271889400922
0.08540925266903915,0.08896797153024912,0.15658362989323843,0.12099644128113879,0.07473309608540925,0.07473309608540925,0.1387900355871886,0.06761565836298933,0.09252669039145907,0.099644128113879
0.09090909090909091,0.09090909090909091,0.14545454545454545,0.12727272727272726,0.07272727272727272,0.01818181818181818,0.18181818181818182,0.01818181818181818,0.10909090909090909,0.14545454545454545
0.16666666666666666,0.08333333333333333,0.08333333333333333,0.08333333333333333,0.0,0.0,0.3333333333333333,0.0,0.16666666666666666,0.08333333333333333
0.06097560975609756,0.14634146341463414,0.18292682926829268,0.13414634146341464,0.10975609756097561,0.04878048780487805,0.12195121951219512,0.07317073170731707,0.06097560975609756,0.06097560975609756
0.12077294685990338,0.10628019323671498,0.15458937198067632,0.1111111111111111,0.07729468599033816,0.04830917874396135,0.15942028985507245,0.04830917874396135,0.08695652173913043,0.08695652173913043
0.08333333333333333,0.13636363636363635,0.22727272727272727,0.13636363636363635,0.07575757575757576,0.015151515151515152,0.13636363636363635,0.030303030303030304,0.08333333333333333,0.07575757575757576
0.125,0.1111111111111111,0.16666666666666666,0.1111111111111111,0.125,0.041666666666666664,0.18055555555555555,0.013888888888888888,0.08333333333333333,0.041666666666666664
0.10101010101010101,0.08080808080808081,0.1414141414141414,0.1111111111111111,0.0707070707070707,0.050505050505050504,0.1919191919191919,0.020202020202020204,0.12121212121212122,0.1111111111111111
0.075,0.14166666666666666,0.19166666666666668,0.15,0.08333333333333333,0.03333333333333333,0.13333333333333333,0.05,0.058333333333333334,0.08333333333333333
0.07692307692307693,0.12179487179487179,0.21153846153846154,0.14743589743589744,0.0641025641025641,0.019230769230769232,0.16666666666666666,0.057692307692307696,0.02564102564102564,0.10897435897435898
0.07035175879396985,0.12562814070351758,0.20100502512562815,0.135678391959799,0.10552763819095477,0.035175879396984924,0.1306532663316583,0.06532663316582915,0.04522613065326633,0.08542713567839195
0.10098522167487685,0.10591133004926108,0.1748768472906404,0.11330049261083744,0.07389162561576355,0.046798029556650245,0.15763546798029557,0.03694581280788178,0.0812807881773399,0.10837438423645321
0.0847457627118644,0.1694915254237288,0.22033898305084745,0.15254237288135594,0.11864406779661017,0.01694915254237288,0.0847457627118644,0.05084745762711865,0.05084745762711865,0.05084745762711865
0.18181818181818182,0.12727272727272726,0.10909090909090909,0.10909090909090909,0.05454545454545454,0.0,0.2545454545454545,0.01818181818181818,0.07272727272727272,0.07272727272727272
0.09940357852882704,0.08151093439363817,0.1848906560636183,0.09741550695825049,0.0775347912524851,0.04771371769383698,0.18886679920477137,0.0636182902584493,0.06958250497017893,0.08946322067594434
0.025,0.125,0.125,0.125,0.075,0.025,0.2,0.05,0.1,0.15
0.10126582278481013,0.08227848101265822,0.10126582278481013,0.06329113924050633,0.06329113924050633,0.05063291139240506,0.2088607594936709,0.05063291139240506,0.1518987341772152,0.12658227848101267
0.1514629948364888,0.0963855421686747,0.13769363166953527,0.08089500860585198,0.07228915662650602,0.04130808950086059,0.21858864027538727,0.0378657487091222,0.07228915662650602,0.09122203098106713
0.11851851851851852,0.0962962962962963,0.14074074074074075,0.0962962962962963,0.1037037037037037,0.037037037037037035,0.15555555555555556,0.05925925925925926,0.0962962962962963,0.0962962962962963
0.13194444444444445,0.08680555555555555,0.1388888888888889,0.1076388888888889,0.06597222222222222,0.04513888888888889,0.1736111111111111,0.059027777777777776,0.09027777777777778,0.10069444444444445
0.11888111888111888,0.07972027972027972,0.16223776223776223,0.0937062937062937,0.07692307692307693,0.04895104895104895,0.1916083916083916,0.046153846153846156,0.08251748251748252,0.0993006993006993
0.11666666666666667,0.08333333333333333,0.15,0.08333333333333333,0.08333333333333333,0.06666666666666667,0.15,0.1,0.06666666666666667,0.1
0.12154696132596685,0.06906077348066299,0.13259668508287292,0.07734806629834254,0.07458563535911603,0.052486187845303865,0.18232044198895028,0.03314917127071823,0.12430939226519337,0.13259668508287292
0.13151563753007217,0.09703287890938252,0.12028869286287089,0.08420208500400962,0.05934242181234964,0.038492381716118684,0.19566960705693665,0.04971932638331997,0.1082598235765838,0.11547714514835605
0.1069364161849711,0.08670520231213873,0.17052023121387283,0.11271676300578035,0.08670520231213873,0.05202312138728324,0.1531791907514451,0.08092485549132948,0.06069364161849711,0.08959537572254335
0.0784313725490196,0.13725490196078433,0.17647058823529413,0.13725490196078433,0.13725490196078433,0.0196078431372549,0.11764705882352941,0.058823529411764705,0.09803921568627451,0.0392156862745098
0.07142857142857142,0.125,0.125,0.125,0.07142857142857142,0.05357142857142857,0.19642857142857142,0.07142857142857142,0.07142857142857142,0.08928571428571429
0.13333333333333333,0.13333333333333333,0.16666666666666666,0.1,0.03333333333333333,0.03333333333333333,0.2,0.03333333333333333,0.1,0.06666666666666667
0.178125,0.071875,0.08125,0.0625,0.0375,0.040625,0.253125,0.03125,0.1125,0.13125
0.10591133004926108,0.09359605911330049,0.19950738916256158,0.08866995073891626,0.08866995073891626,0.034482758620689655,0.15763546798029557,0.07635467980295567,0.05665024630541872,0.09852216748768473
0.09967320261437909,0.11764705882352941,0.17483660130718953,0.10947712418300654,0.10130718954248366,0.04084967320261438,0.1388888888888889,0.0457516339869281,0.0784313725490196,0.09313725490196079
0.1111111111111111,0.06301824212271974,0.1077943615257048,0.0812603648424544,0.05306799336650083,0.06467661691542288,0.19237147595356552,0.03648424543946932,0.12603648424543948,0.16417910447761194
0.07692307692307693,0.15384615384615385,0.23076923076923078,0.15384615384615385,0.11538461538461539,0.038461538461538464,0.038461538461538464,0.07692307692307693,0.038461538461538464,0.07692307692307693
0.12576219512195122,0.09908536585365854,0.17835365853658536,0.09146341463414634,0.08079268292682927,0.039634146341463415,0.17301829268292682,0.056402439024390245,0.06173780487804878,0.09375
0.14285714285714285,0.10714285714285714,0.14285714285714285,0.08333333333333333,0.03571428571428571,0.011904761904761904,0.25,0.047619047619047616,0.08333333333333333,0.09523809523809523
0.12962962962962962,0.1111111111111111,0.14814814814814814,0.1111111111111111,0.07407407407407407,0.037037037037037035,0.14814814814814814,0.05555555555555555,0.09259259259259259,0.09259259259259259
0.13043478260869565,0.13043478260869565,0.17391304347826086,0.17391304347826086,0.13043478260869565,0.0,0.043478260869565216,0.13043478260869565,0.043478260869565216,0.043478260869565216
0.14314928425357873,0.07770961145194274,0.1165644171779141,0.09406952965235174,0.05930470347648262,0.03680981595092025,0.22903885480572597,0.028629856850715747,0.11247443762781185,0.10224948875255624
0.0970873786407767,0.10679611650485436,0.1650485436893204,0.11650485436893204,0.07766990291262135,0.04854368932038835,0.18446601941747573,0.038834951456310676,0.05825242718446602,0.10679611650485436
0.12125863392171911,0.07904834996162702,0.1427475057559478,0.0851880276285495,0.06983883346124328,0.051419800460475826,0.20107444359171142,0.052187260168841135,0.0920951650038373,0.10514198004604758
0.0603448275862069,0.15517241379310345,0.22413793103448276,0.1724137931034483,0.09482758620689655,0.04310344827586207,0.0603448275862069,0.05172413793103448,0.034482758620689655,0.10344827586206896
0.08823529411764706,0.10294117647058823,0.17647058823529413,0.1323529411764706,0.10294117647058823,0.058823529411764705,0.14705882352941177,0.058823529411764705,0.029411764705882353,0.10294117647058823
0.11286089238845144,0.10236220472440945,0.14960629921259844,0.08398950131233596,0.09448818897637795,0.047244094488188976,0.18635170603674542,0.04199475065616798,0.08398950131233596,0.09711286089238845
0.09554140127388536,0.10509554140127389,0.15286624203821655,0.09394904458598727,0.06528662420382166,0.052547770700636945,0.2070063694267516,0.0589171974522293,0.06528662420382166,0.1035031847133758
0.13391304347826086,0.08347826086956522,0.1426086956521739,0.08869565217391304,0.06956521739130435,0.04173913043478261,0.18608695652173912,0.050434782608695654,0.09391304347826086,0.10956521739130434
0.04878048780487805,0.12195121951219512,0.14634146341463414,0.12195121951219512,0.14634146341463414,0.0,0.1951219512195122,0.0975609756097561,0.04878048780487805,0.07317073170731707
0.11068702290076336,0.0648854961832061,0.13358778625954199,0.08015267175572519,0.0648854961832061,0.03435114503816794,0.26717557251908397,0.04198473282442748,0.08396946564885496,0.1183206106870229
0.10778443113772455,0.09181636726546906,0.16766467065868262,0.08982035928143713,0.07984031936127745,0.04790419161676647,0.17564870259481039,0.06187624750499002,0.08383233532934131,0.09381237524950099
0.12790697674418605,0.09302325581395349,0.14244186046511628,0.10465116279069768,0.06686046511627906,0.046511627906976744,0.1686046511627907,0.0436046511627907,0.0872093023255814,0.11918604651162791
0.125,0.09134615384615384,0.16105769230769232,0.09615384615384616,0.0673076923076923,0.028846153846153848,0.19471153846153846,0.06009615384615385,0.09375,0.08173076923076923
0.10714285714285714,0.08333333333333333,0.09523809523809523,0.07142857142857142,0.07142857142857142,0.07142857142857142,0.20238095238095238,0.047619047619047616,0.13095238095238096,0.11904761904761904
0.11290322580645161,0.12096774193548387,0.16129032258064516,0.10483870967741936,0.06451612903225806,0.03225806451612903,0.22580645161290322,0.04032258064516129,0.08870967741935484,0.04838709677419355
0.07692307692307693,0.15384615384615385,0.23076923076923078,0.07692307692307693,0.15384615384615385,0.0,0.15384615384615385,0.0,0.15384615384615385,0.0
0.1073170731707317,0.08780487804878048,0.18048780487804877,0.11707317073170732,0.11219512195121951,0.04390243902439024,0.13658536585365855,0.04390243902439024,0.05853658536585366,0.11219512195121951
0.11538461538461539,0.10576923076923077,0.14423076923076922,0.10576923076923077,0.038461538461538464,0.07692307692307693,0.16346153846153846,0.028846153846153848,0.10576923076923077,0.11538461538461539
0.14814814814814814,0.07407407407407407,0.1111111111111111,0.07407407407407407,0.07407407407407407,0.037037037037037035,0.25925925925925924,0.037037037037037035,0.1111111111111111,0.07407407407407407
0.07692307692307693,0.10256410256410256,0.1282051282051282,0.10256410256410256,0.0641025641025641,0.0641025641025641,0.1794871794871795,0.0641025641025641,0.08974358974358974,0.1282051282051282
0.11290322580645161,0.06451612903225806,0.1935483870967742,0.11290322580645161,0.04838709677419355,0.016129032258064516,0.20967741935483872,0.0,0.11290322580645161,0.12903225806451613
0.10240963855421686,0.11144578313253012,0.16415662650602408,0.10843373493975904,0.08283132530120482,0.04819277108433735,0.15512048192771086,0.058734939759036146,0.0677710843373494,0.10090361445783133
0.1276595744680851,0.07446808510638298,0.09574468085106383,0.06382978723404255,0.05319148936170213,0.0851063829787234,0.19148936170212766,0.031914893617021274,0.1276595744680851,0.14893617021276595
0.14285714285714285,0.06802721088435375,0.11564625850340136,0.08843537414965986,0.06802721088435375,0.027210884353741496,0.1836734693877551,0.07482993197278912,0.10204081632653061,0.1292517006802721
0.07575757575757576,0.14393939393939395,0.17424242424242425,0.13636363636363635,0.09090909090909091,0.05303030303030303,0.13636363636363635,0.07575757575757576,0.045454545454545456,0.06818181818181818
0.11904761904761904,0.07142857142857142,0.11904761904761904,0.10317460317460317,0.047619047619047616,0.06349206349206349,0.16666666666666666,0.023809523809523808,0.1111111111111111,0.1746031746031746
0.08465608465608465,0.10052910052910052,0.2275132275132275,0.12698412698412698,0.08994708994708994,0.037037037037037035,0.12698412698412698,0.06878306878306878,0.05291005291005291,0.08465608465608465
0.06153846153846154,0.09230769230769231,0.18461538461538463,0.1076923076923077,0.1076923076923077,0.09230769230769231,0.09230769230769231,0.046153846153846156,0.07692307692307693,0.13846153846153847
0.11363636363636363,0.06818181818181818,0.13636363636363635,0.09090909090909091,0.06818181818181818,0.022727272727272728,0.18181818181818182,0.09090909090909091,0.09090909090909091,0.13636363636363635
0.0,0.0,0.4,0.4,0.0,0.2,0.0,0.0,0.0,0.0
0.07894736842105263,0.13157894736842105,0.15789473684210525,0.07894736842105263,0.05263157894736842,0.07894736842105263,0.15789473684210525,0.02631578947368421,0.02631578947368421,0.21052631578947367
0.1437837837837838,0.07135135135135136,0.13405405405405404,0.07243243243243243,0.05081081081081081,0.06054054054054054,0.21513513513513513,0.034594594594594595,0.09621621621621622,0.12108108108108108
0.11538461538461539,0.10897435897435898,0.1858974358974359,0.08333333333333333,0.09615384615384616,0.02564102564102564,0.16666666666666666,0.057692307692307696,0.07692307692307693,0.08333333333333333
0.13259668508287292,0.07734806629834254,0.1270718232044199,0.08287292817679558,0.0718232044198895,0.052486187845303865,0.20441988950276244,0.055248618784530384,0.08839779005524862,0.10773480662983426
0.08333333333333333,0.08333333333333333,0.20833333333333334,0.125,0.08333333333333333,0.0,0.16666666666666666,0.08333333333333333,0.125,0.041666666666666664
0.08,0.16,0.2,0.16,0.08,0.0,0.16,0.04,0.04,0.08
0.21666666666666667,0.03333333333333333,0.05,0.03333333333333333,0.05,0.03333333333333333,0.2833333333333333,0.0,0.15,0.15
0.07894736842105263,0.13157894736842105,0.17105263157894737,0.11842105263157894,0.07894736842105263,0.039473684210526314,0.13157894736842105,0.07894736842105263,0.06578947368421052,0.10526315789473684
0.1382488479262673,0.08755760368663594,0.12903225806451613,0.08294930875576037,0.06451612903225806,0.03686635944700461,0.1935483870967742,0.041474654377880185,0.10138248847926268,0.12442396313364056
0.08955223880597014,0.08955223880597014,0.14925373134328357,0.08955223880597014,0.07960199004975124,0.05970149253731343,0.18407960199004975,0.05970149253731343,0.06965174129353234,0.12935323383084577
0.16883116883116883,0.025974025974025976,0.12987012987012986,0.06493506493506493,0.03896103896103896,0.025974025974025976,0.22077922077922077,0.025974025974025976,0.15584415584415584,0.14285714285714285
0.08771929824561403,0.10526315789473684,0.17543859649122806,0.14035087719298245,0.07017543859649122,0.017543859649122806,0.14035087719298245,0.07017543859649122,0.10526315789473684,0.08771929824561403
0.059782608695652176,0.14130434782608695,0.21195652173913043,0.15760869565217392,0.07608695652173914,0.03804347826086957,0.1358695652173913,0.043478260869565216,0.05434782608695652,0.08152173913043478
0.0,0.1111111111111111,0.3333333333333333,0.2222222222222222,0.1111111111111111,0.0,0.1111111111111111,0.0,0.0,0.1111111111111111
0.11351351351351352,0.0833976833976834,0.13745173745173744,0.09575289575289575,0.06486486486486487,0.05637065637065637,0.2,0.04864864864864865,0.09266409266409266,0.10733590733590734
0.078125,0.09375,0.140625,0.078125,0.046875,0.03125,0.234375,0.0625,0.078125,0.15625
0.11864406779661017,0.07062146892655367,0.14689265536723164,0.07344632768361582,0.08192090395480225,0.04519774011299435,0.2344632768361582,0.04519774011299435,0.07909604519774012,0.10451977401129943
0.13533834586466165,0.11278195488721804,0.11278195488721804,0.08270676691729323,0.07518796992481203,0.045112781954887216,0.16541353383458646,0.06015037593984962,0.10526315789473684,0.10526315789473684
0.09193245778611632,0.09943714821763602,0.17073170731707318,0.10881801125703565,0.08067542213883677,0.03564727954971857,0.1651031894934334,0.07317073170731707,0.07129455909943715,0.10318949343339587
0.10144927536231885,0.09754738015607581,0.14604236343366778,0.10590858416945373,0.0758082497212932,0.055741360089186176,0.16220735785953178,0.056856187290969896,0.08974358974358974,0.10869565217391304
0.096,0.088,0.16,0.096,0.104,0.056,0.16,0.072,0.08,0.088
0.07954545454545454,0.10227272727272728,0.16761363636363635,0.11079545454545454,0.08522727272727272,0.048295454545454544,0.14772727272727273,0.07102272727272728,0.06818181818181818,0.11931818181818182
0.08928571428571429,0.10714285714285714,0.17857142857142858,0.08928571428571429,0.07142857142857142,0.05357142857142857,0.125,0.07142857142857142,0.10714285714285714,0.10714285714285714
0.10825439783491204,0.09336941813261164,0.13396481732070364,0.10554803788903924,0.06495263870094722,0.044654939106901215,0.18673883626522328,0.05142083897158322,0.10284167794316644,0.10825439783491204
0.11811023622047244,0.09448818897637795,0.13910761154855644,0.09448818897637795,0.07349081364829396,0.049868766404199474,0.1679790026246719,0.06824146981627296,0.09711286089238845,0.09711286089238845
0.14285714285714285,0.10204081632653061,0.15306122448979592,0.11224489795918367,0.09183673469387756,0.04081632653061224,0.14285714285714285,0.02040816326530612,0.10204081632653061,0.09183673469387756
0.09386973180076628,0.1417624521072797,0.16283524904214558,0.13218390804597702,0.09386973180076628,0.03639846743295019,0.13409961685823754,0.05363984674329502,0.06513409961685823,0.08620689655172414
0.09578544061302682,0.07662835249042145,0.12260536398467432,0.0842911877394636,0.05363984674329502,0.08045977011494253,0.20689655172413793,0.038314176245210725,0.10344827586206896,0.13793103448275862
0.08333333333333333,0.1111111111111111,0.16666666666666666,0.09722222222222222,0.09722222222222222,0.041666666666666664,0.1527777777777778,0.013888888888888888,0.08333333333333333,0.1527777777777778
0.0,0.09090909090909091,0.36363636363636365,0.36363636363636365,0.09090909090909091,0.0,0.09090909090909091,0.0,0.0,0.0
0.09352517985611511,0.1079136690647482,0.14388489208633093,0.11510791366906475,0.09352517985611511,0.050359712230215826,0.16546762589928057,0.050359712230215826,0.08633093525179857,0.09352517985611511
0.09097270818754374,0.09307207837648705,0.16375087473757874,0.1112666200139958,0.08817354793561931,0.04828551434569629,0.17144856543037088,0.053883834849545134,0.07697690692792163,0.10216934919524143
0.1111111111111111,0.08888888888888889,0.17777777777777778,0.15555555555555556,0.06666666666666667,0.022222222222222223,0.13333333333333333,0.044444444444444446,0.1111111111111111,0.08888888888888889
0.08417508417508418,0.10437710437710437,0.14814814814814814,0.1111111111111111,0.06734006734006734,0.07407407407407407,0.16161616161616163,0.050505050505050504,0.07407407407407407,0.12457912457912458
0.13580246913580246,0.07818930041152264,0.14814814814814814,0.102880658436214,0.0823045267489712,0.06172839506172839,0.17695473251028807,0.024691358024691357,0.0823045267489712,0.10699588477366255
0.09933774834437085,0.09271523178807947,0.16225165562913907,0.10264900662251655,0.07947019867549669,0.04304635761589404,0.18211920529801323,0.052980132450331126,0.08278145695364239,0.10264900662251655
0.09572649572649573,0.08547008547008547,0.14786324786324787,0.09401709401709402,0.0735042735042735,0.04786324786324787,0.18632478632478633,0.04957264957264957,0.08461538461538462,0.13504273504273503
0.12025316455696203,0.12658227848101267,0.13291139240506328,0.08860759493670886,0.06962025316455696,0.06962025316455696,0.189873417721519,0.04430379746835443,0.06962025316455696,0.08860759493670886
0.03333333333333333,0.18333333333333332,0.21666666666666667,0.18333333333333332,0.06666666666666667,0.016666666666666666,0.08333333333333333,0.05,0.05,0.11666666666666667
0.13157894736842105,0.06842105263157895,0.1368421052631579,0.05789473684210526,0.05789473684210526,0.08947368421052632,0.16842105263157894,0.04736842105263158,0.11578947368421053,0.12631578947368421
0.10112359550561797,0.0898876404494382,0.15730337078651685,0.10112359550561797,0.11797752808988764,0.028089887640449437,0.1853932584269663,0.06741573033707865,0.07303370786516854,0.07865168539325842
0.09734513274336283,0.10914454277286136,0.17846607669616518,0.10324483775811209,0.08997050147492626,0.03687315634218289,0.15191740412979352,0.07079646017699115,0.06932153392330384,0.09292035398230089
0.056074766355140186,0.12149532710280374,0.205607476635514,0.14018691588785046,0.12149532710280374,0.06542056074766354,0.09345794392523364,0.11214953271028037,0.037383177570093455,0.04672897196261682
0.06363636363636363,0.1,0.22727272727272727,0.12727272727272726,0.06363636363636363,0.03636363636363636,0.18181818181818182,0.06363636363636363,0.045454545454545456,0.09090909090909091
0.0962566844919786,0.10160427807486631,0.17647058823529413,0.12566844919786097,0.0855614973262032,0.03208556149732621,0.17647058823529413,0.05080213903743316,0.06417112299465241,0.09090909090909091
0.07848266841072596,0.09941137998691955,0.19424460431654678,0.1249182472204055,0.09679529103989536,0.040549378678875085,0.1484630477436233,0.07717462393721386,0.06867233485938522,0.07128842380640942
0.12857142857142856,0.07142857142857142,0.15714285714285714,0.1,0.07142857142857142,0.04285714285714286,0.18571428571428572,0.04285714285714286,0.11428571428571428,0.08571428571428572
0.12430939226519337,0.09944751381215469,0.143646408839779,0.11602209944751381,0.08011049723756906,0.03314917127071823,0.15193370165745856,0.04696132596685083,0.09392265193370165,0.11049723756906077
0.10872675250357654,0.0815450643776824,0.13733905579399142,0.10157367668097282,0.06151645207439199,0.05007153075822604,0.21316165951359084,0.04148783977110158,0.10157367668097282,0.10300429184549356
0.16129032258064516,0.06451612903225806,0.0967741935483871,0.0967741935483871,0.0967741935483871,0.06451612903225806,0.22580645161290322,0.03225806451612903,0.0967741935483871,0.06451612903225806
0.124,0.1,0.148,0.104,0.064,0.048,0.132,0.048,0.104,0.128
0.12296296296296297,0.08444444444444445,0.1288888888888889,0.08148148148148149,0.056296296296296296,0.05037037037037037,0.20296296296296296,0.05185185185185185,0.1037037037037037,0.11703703703703704
0.09660574412532637,0.08616187989556136,0.1801566579634465,0.1227154046997389,0.10443864229765012,0.031331592689295036,0.1409921671018277,0.08616187989556136,0.07049608355091384,0.08093994778067885
0.10891089108910891,0.12871287128712872,0.1782178217821782,0.12871287128712872,0.0891089108910891,0.009900990099009901,0.1782178217821782,0.04950495049504951,0.039603960396039604,0.0891089108910891
0.1111111111111111,0.06837606837606838,0.15384615384615385,0.1282051282051282,0.06837606837606838,0.03418803418803419,0.1623931623931624,0.042735042735042736,0.08547008547008547,0.1452991452991453
0.2,0.2,0.2,0.2,0.0,0.0,0.2,0.0,0.0,0.0
0.144,0.072,0.128,0.104,0.056,0.056,0.208,0.04,0.12,0.072
0.11764705882352941,0.09803921568627451,0.17647058823529413,0.1503267973856209,0.06535947712418301,0.0457516339869281,0.1503267973856209,0.0718954248366013,0.06535947712418301,0.058823529411764705
0.11814345991561181,0.06751054852320675,0.14345991561181434,0.10970464135021098,0.08016877637130802,0.02531645569620253,0.20253164556962025,0.04219409282700422,0.11392405063291139,0.0970464135021097
0.13043478260869565,0.11304347826086956,0.13043478260869565,0.05217391304347826,0.0782608695652174,0.034782608695652174,0.2608695652173913,0.043478260869565216,0.06956521739130435,0.08695652173913043
0.09117647058823529,0.07352941176470588,0.17647058823529413,0.15294117647058825,0.07647058823529412,0.047058823529411764,0.14411764705882352,0.04411764705882353,0.1,0.09411764705882353
0.1891891891891892,0.10810810810810811,0.10810810810810811,0.13513513513513514,0.02702702702702703,0.02702702702702703,0.1891891891891892,0.02702702702702703,0.10810810810810811,0.08108108108108109
0.0989010989010989,0.12087912087912088,0.18681318681318682,0.0989010989010989,0.0989010989010989,0.02197802197802198,0.13186813186813187,0.06593406593406594,0.07692307692307693,0.0989010989010989
0.09615384615384616,0.09230769230769231,0.16923076923076924,0.10384615384615385,0.08846153846153847,0.03461538461538462,0.16153846153846155,0.08461538461538462,0.06538461538461539,0.10384615384615385
0.08982035928143713,0.11976047904191617,0.18562874251497005,0.12574850299401197,0.07784431137724551,0.017964071856287425,0.16167664670658682,0.04790419161676647,0.0718562874251497,0.10179640718562874
0.0945179584120983,0.11342155009451796,0.1720226843100189,0.12098298676748583,0.0888468809073724,0.03780718336483932,0.16257088846880907,0.06049149338374291,0.06805293005671077,0.08128544423440454
0.09411764705882353,0.1411764705882353,0.17647058823529413,0.11764705882352941,0.10588235294117647,0.058823529411764705,0.12941176470588237,0.058823529411764705,0.047058823529411764,0.07058823529411765
0.136986301369863,0.0958904109589041,0.1232876712328767,0.1095890410958904,0.0958904109589041,0.0273972602739726,0.2191780821917808,0.0410958904109589,0.0821917808219178,0.0684931506849315
0.13731825525040386,0.061389337641357025,0.1147011308562197,0.07754442649434572,0.06623586429725363,0.03877221324717286,0.21809369951534732,0.046849757673667204,0.11954765751211632,0.11954765751211632
0.12,0.092,0.144,0.112,0.088,0.044,0.176,0.048,0.068,0.108
0.11956521739130435,0.10144927536231885,0.14492753623188406,0.09420289855072464,0.057971014492753624,0.043478260869565216,0.19927536231884058,0.036231884057971016,0.08695652173913043,0.11594202898550725
0.10933940774487472,0.1070615034168565,0.15261958997722094,0.08428246013667426,0.09339407744874716,0.05011389521640091,0.1548974943052392,0.05922551252847381,0.10022779043280182,0.0888382687927107
0.1557377049180328,0.0942622950819672,0.13524590163934427,0.10245901639344263,0.06557377049180328,0.01639344262295082,0.22950819672131148,0.040983606557377046,0.0860655737704918,0.07377049180327869
0.11695906432748537,0.06432748538011696,0.14035087719298245,0.0935672514619883,0.06432748538011696,0.05263157894736842,0.21929824561403508,0.043859649122807015,0.10818713450292397,0.09649122807017543
0.10796915167095116,0.07369323050556983,0.16452442159383032,0.09511568123393316,0.06940874035989718,0.04798628963153385,0.20137103684661525,0.04798628963153385,0.09511568123393316,0.09682947729220223
0.16037735849056603,0.07547169811320754,0.1179245283018868,0.07075471698113207,0.06132075471698113,0.02830188679245283,0.24528301886792453,0.06132075471698113,0.08962264150943396,0.08962264150943396
0.08227848101265822,0.13924050632911392,0.17721518987341772,0.13924050632911392,0.06329113924050633,0.05063291139240506,0.16455696202531644,0.06329113924050633,0.05063291139240506,0.06962025316455696
0.11475409836065574,0.09836065573770492,0.16393442622950818,0.09836065573770492,0.08196721311475409,0.06557377049180328,0.16393442622950818,0.04918032786885246,0.06557377049180328,0.09836065573770492
0.15463917525773196,0.10309278350515463,0.08247422680412371,0.07216494845360824,0.041237113402061855,0.041237113402061855,0.23711340206185566,0.041237113402061855,0.1134020618556701,0.1134020618556701
0.09202453987730061,0.09202453987730061,0.15030674846625766,0.10429447852760736,0.0705521472392638,0.05521472392638037,0.17484662576687116,0.06748466257668712,0.09815950920245399,0.0950920245398773
0.11314475873544093,0.08985024958402663,0.16472545757071547,0.10149750415973377,0.06655574043261231,0.04159733777038269,0.2079866888519135,0.04326123128119801,0.09151414309484193,0.07986688851913477
0.1076923076923077,0.1076923076923077,0.16153846153846155,0.1076923076923077,0.038461538461538464,0.05384615384615385,0.16153846153846155,0.06923076923076923,0.08461538461538462,0.1076923076923077
0.0,0.2857142857142857,0.2857142857142857,0.14285714285714285,0.0,0.0,0.14285714285714285,0.0,0.14285714285714285,0.0
0.0880952380952381,0.10238095238095238,0.18333333333333332,0.09761904761904762,0.08333333333333333,0.047619047619047616,0.15476190476190477,0.06666666666666667,0.08095238095238096,0.09523809523809523
0.1258741258741259,0.08041958041958042,0.10139860139860139,0.07692307692307693,0.06643356643356643,0.06643356643356643,0.2062937062937063,0.04895104895104895,0.10839160839160839,0.11888111888111888
0.10294117647058823,0.0661764705882353,0.1323529411764706,0.08823529411764706,0.07352941176470588,0.0661764705882353,0.22058823529411764,0.051470588235294115,0.08823529411764706,0.11029411764705882
0.1,0.15,0.15,0.05,0.15,0.05,0.2,0.0,0.05,0.1
0.11194029850746269,0.07462686567164178,0.17164179104477612,0.12686567164179105,0.05970149253731343,0.04477611940298507,0.1417910447761194,0.06716417910447761,0.09701492537313433,0.1044776119402985
0.09933774834437085,0.09933774834437085,0.15894039735099338,0.09933774834437085,0.11258278145695365,0.046357615894039736,0.16556291390728478,0.052980132450331126,0.08609271523178808,0.07947019867549669
0.07575757575757576,0.06818181818181818,0.11363636363636363,0.045454545454545456,0.07575757575757576,0.06818181818181818,0.20454545454545456,0.06818181818181818,0.12121212121212122,0.1590909090909091
0.07692307692307693,0.19230769230769232,0.23076923076923078,0.17307692307692307,0.11538461538461539,0.0,0.057692307692307696,0.09615384615384616,0.038461538461538464,0.019230769230769232
0.12264150943396226,0.09433962264150944,0.12264150943396226,0.0660377358490566,0.05660377358490566,0.04716981132075472,0.18867924528301888,0.0660377358490566,0.12264150943396226,0.11320754716981132
0.1265474552957359,0.06602475928473177,0.13480055020632736,0.08253094910591471,0.048143053645116916,0.04951856946354883,0.21182943603851445,0.033012379642365884,0.11966987620357634,0.1279229711141678
0.08597285067873303,0.12217194570135746,0.20361990950226244,0.13122171945701358,0.11312217194570136,0.03619909502262444,0.11764705882352941,0.058823529411764705,0.058823529411764705,0.07239819004524888
0.06976744186046512,0.12209302325581395,0.19186046511627908,0.11627906976744186,0.09302325581395349,0.029069767441860465,0.13953488372093023,0.06976744186046512,0.0872093023255814,0.08139534883720931
0.05,0.11,0.22,0.12,0.13,0.04,0.1,0.09,0.05,0.09
0.1291248206599713,0.0781922525107604,0.14705882352941177,0.0975609756097561,0.0703012912482066,0.046628407460545196,0.18292682926829268,0.04806312769010043,0.08608321377331421,0.11406025824964132
0.09269662921348315,0.08426966292134831,0.16573033707865167,0.10955056179775281,0.0898876404494382,0.056179775280898875,0.14606741573033707,0.06460674157303371,0.08146067415730338,0.10955056179775281
0.08125,0.1125,0.1625,0.10625,0.075,0.075,0.14375,0.05,0.075,0.11875
0.11176470588235295,0.08529411764705883,0.1411764705882353,0.09705882352941177,0.07058823529411765,0.058823529411764705,0.17941176470588235,0.041176470588235294,0.10294117647058823,0.11176470588235295
0.06779661016949153,0.11864406779661017,0.16101694915254236,0.09322033898305085,0.0847457627118644,0.03389830508474576,0.2033898305084746,0.05084745762711865,0.06779661016949153,0.11864406779661017
0.17647058823529413,0.058823529411764705,0.058823529411764705,0.058823529411764705,0.0,0.058823529411764705,0.23529411764705882,0.0,0.17647058823529413,0.17647058823529413
0.1210762331838565,0.14349775784753363,0.13901345291479822,0.10762331838565023,0.05829596412556054,0.03139013452914798,0.18385650224215247,0.053811659192825115,0.07174887892376682,0.08968609865470852
0.12096774193548387,0.12096774193548387,0.14516129032258066,0.12903225806451613,0.11290322580645161,0.008064516129032258,0.13709677419354838,0.07258064516129033,0.06451612903225806,0.08870967741935484
0.10926365795724466,0.09738717339667459,0.16547901821060965,0.1163895486935867,0.07125890736342043,0.04671417260490895,0.17339667458432304,0.04908946951702296,0.0768012668250198,0.09422011084718923
0.0967741935483871,0.08602150537634409,0.20430107526881722,0.0967741935483871,0.07526881720430108,0.053763440860215055,0.15053763440860216,0.053763440860215055,0.07526881720430108,0.10752688172043011
0.06329113924050633,0.10126582278481013,0.189873417721519,0.13924050632911392,0.06329113924050633,0.05063291139240506,0.13924050632911392,0.05063291139240506,0.0759493670886076,0.12658227848101267
