PRP$,RB,DT,JJ,NN,CC,VB,VBG,IN,NNP,NNS,PRP,VBP,MD,TO,VBZ,CD,VBD,VBN,RP,WP,WRB,FW,WDT,PDT,JJR,RBR,JJS,EX,RBS,NNPS,UH,WP$,$,'',POS
4,9,9,7,22,7,12,4,15,7,4,10,5,5,3,3,1,1,1,3,0,0,0,0,0,0,0,0,0,0,0,0,0,0,0,0
48,155,147,159,233,86,146,60,211,52,96,245,128,46,75,74,16,34,26,20,18,28,2,9,2,5,5,3,1,0,0,0,0,0,0,0
11,25,40,29,62,21,45,14,46,9,20,40,28,5,18,11,4,14,5,2,4,1,0,5,1,0,1,2,4,2,0,0,0,0,0,0
24,84,56,51,104,22,61,15,102,25,33,70,51,12,35,22,6,40,16,7,13,8,0,4,3,7,0,5,8,0,0,0,0,0,0,0
11,19,11,10,24,9,10,10,19,8,10,24,16,4,1,3,1,2,2,0,1,1,0,1,1,3,0,1,0,0,0,0,0,0,0,0
62,148,122,107,208,62,144,67,260,88,55,295,130,48,111,84,6,51,38,14,14,18,0,11,4,1,3,4,1,0,1,2,0,0,0,0
19,84,70,58,119,26,100,23,113,46,22,149,83,32,52,17,2,18,5,11,6,8,0,10,0,5,3,2,5,2,0,0,0,0,0,0
47,129,118,95,248,91,142,53,215,60,62,220,128,37,76,43,4,38,15,26,27,15,0,7,2,9,1,5,4,2,0,0,0,0,0,0
53,111,170,143,284,74,108,58,239,30,95,154,88,44,68,54,6,16,29,9,7,4,1,11,1,7,2,4,5,1,0,0,0,0,0,0
3,7,12,2,20,5,9,4,13,8,3,12,6,2,3,3,0,1,2,0,1,3,0,0,0,0,0,1,1,0,0,0,0,0,0,0
2,9,3,4,8,3,2,2,4,2,2,14,7,1,1,3,1,5,0,1,0,1,0,0,0,0,0,0,0,0,0,0,0,0,0,0
11,13,11,21,19,7,15,7,20,15,10,30,20,5,5,4,2,2,1,3,1,2,0,1,0,1,0,0,0,0,0,0,0,0,0,0
6,4,7,3,11,4,6,1,6,0,2,19,7,2,3,3,1,5,3,0,1,1,0,0,0,0,1,0,1,0,0,0,0,0,0,0
79,118,85,114,195,44,115,37,152,78,73,190,119,38,33,43,8,15,21,9,17,16,0,10,1,6,3,2,7,3,2,1,1,0,0,0
16,44,50,43,63,15,50,15,66,21,23,91,45,16,23,12,5,11,4,5,4,6,0,0,2,6,4,2,0,0,0,0,0,0,0,0
17,59,64,57,98,24,86,14,101,28,41,112,65,25,30,17,6,9,6,3,10,8,0,3,0,0,1,1,9,0,0,0,0,0,0,0
12,51,59,51,92,20,34,11,68,18,21,37,16,8,17,21,14,21,4,3,6,2,0,6,1,3,1,3,1,0,0,1,0,0,0,0
2,7,3,5,9,1,4,0,7,4,2,6,1,1,2,2,0,2,3,0,0,0,0,0,0,1,0,0,0,0,0,0,0,0,0,0
15,25,16,19,42,25,21,8,32,24,10,46,13,4,13,14,9,24,13,2,2,7,0,0,0,1,0,0,0,0,0,0,0,0,0,0
43,130,160,146,293,70,114,53,204,40,79,161,101,24,56,47,27,95,34,22,9,29,1,12,1,6,1,9,3,0,0,1,0,0,0,0
6,22,20,17,27,14,17,3,33,4,9,40,19,9,7,8,0,1,9,1,0,1,0,2,1,1,0,0,2,0,0,0,0,0,0,0
18,56,32,30,73,27,35,14,47,25,17,60,27,4,23,6,3,27,11,5,3,10,0,0,0,0,0,1,3,0,0,1,0,0,0,0
34,94,75,62,108,44,65,25,103,33,50,100,61,16,26,15,6,27,11,3,12,9,0,1,2,11,3,7,1,0,1,0,0,0,0,0
2,0,1,0,1,1,3,0,0,1,0,0,0,1,1,0,0,0,0,0,0,0,0,0,0,0,0,0,0,0,0,0,0,0,0,0
29,90,74,58,139,26,53,24,137,37,34,105,38,16,34,28,5,42,11,6,4,8,0,4,1,5,2,4,3,0,0,1,0,0,0,0
16,29,31,28,56,20,39,10,43,35,12,60,28,7,22,9,9,13,7,0,2,3,0,2,0,1,0,0,0,0,0,0,0,0,0,0
156,388,383,426,646,196,541,153,629,238,213,746,466,155,242,136,18,75,49,31,70,50,0,31,12,26,6,14,66,0,0,2,0,0,0,0
2,9,8,3,11,3,7,2,11,0,6,16,9,3,3,0,0,2,1,1,0,3,0,1,0,1,0,0,0,0,0,0,0,0,0,0
121,299,383,303,641,132,293,140,505,195,174,415,250,66,151,137,39,122,52,30,81,25,0,15,5,23,9,12,9,1,2,0,1,0,0,0
21,35,41,29,53,17,24,5,53,11,22,35,22,13,14,4,2,4,2,0,2,0,0,2,2,1,0,2,2,0,0,0,0,0,0,0
66,114,133,96,264,56,102,29,160,50,55,172,71,19,65,40,16,103,27,10,9,25,0,2,7,1,1,3,8,1,0,0,0,0,0,0
19,55,55,41,91,22,64,13,83,30,23,81,42,20,31,17,4,18,8,3,5,3,0,5,1,7,3,5,1,1,1,0,0,0,0,0
12,46,42,29,71,29,37,12,65,17,12,80,35,14,18,27,2,16,9,7,14,4,0,2,0,5,1,2,1,0,0,1,0,0,0,0
51,162,157,132,273,100,206,50,250,92,71,321,175,40,92,40,7,62,37,15,22,17,0,5,3,10,4,5,2,0,0,2,0,0,0,0
6,22,26,16,39,17,13,9,27,12,5,37,20,3,8,8,5,8,5,1,3,6,0,1,0,0,0,1,0,0,0,0,0,0,0,0
4,5,26,20,31,6,15,11,22,5,17,25,18,5,7,8,0,19,8,1,5,1,0,2,1,0,0,0,1,0,0,0,0,0,0,0
57,140,126,84,206,66,72,33,171,41,51,187,88,9,45,41,13,67,21,25,5,22,0,5,4,6,4,4,4,1,0,1,0,0,0,0
22,27,50,31,98,25,45,13,59,29,23,42,30,14,26,16,3,4,8,4,7,2,0,7,2,1,0,2,3,1,1,1,0,0,0,0
11,26,38,20,67,19,24,12,44,19,20,49,28,7,17,8,5,7,4,3,1,1,0,1,0,0,0,1,0,0,0,0,0,0,0,0
21,46,46,47,100,22,51,30,62,27,18,113,64,12,23,22,5,18,8,6,10,13,0,5,2,7,1,4,2,0,0,0,0,0,0,0
3,19,5,13,22,13,23,5,29,1,9,30,7,7,9,5,3,8,3,1,4,2,0,1,0,3,2,0,0,0,0,0,0,0,0,0
2,8,6,3,14,9,18,1,8,3,1,22,18,4,8,2,1,0,0,1,4,2,0,0,0,0,0,0,0,0,0,0,0,0,0,0
2,15,7,10,21,7,10,1,23,10,5,25,13,3,4,7,1,2,4,3,3,1,0,2,1,1,0,0,0,0,0,0,0,0,0,0
65,201,181,163,309,89,174,68,214,71,87,260,131,41,96,70,16,75,40,18,17,34,1,8,3,6,1,1,1,0,0,1,0,0,0,0
23,49,55,47,103,18,35,17,91,29,23,93,44,5,19,33,4,26,3,2,3,9,0,3,0,1,0,4,8,0,0,0,0,0,0,0
15,33,35,22,74,21,39,15,55,31,16,79,27,10,25,21,4,29,6,3,2,4,0,0,0,2,0,1,1,0,0,0,0,0,0,0
17,41,43,29,72,24,45,15,64,28,18,85,40,14,20,15,5,18,12,5,6,5,0,2,2,0,1,1,2,0,0,0,0,0,0,0
10,31,31,23,46,10,24,19,44,20,25,58,34,7,22,6,2,10,6,5,2,4,0,3,0,2,0,2,0,0,0,0,0,0,0,0
35,69,57,39,126,37,76,24,97,41,23,100,40,14,49,26,2,36,12,7,14,2,0,7,0,2,2,5,4,0,1,0,0,0,0,0
137,273,285,298,598,167,296,139,442,134,164,404,223,81,140,117,19,65,51,23,38,36,0,20,3,17,4,18,7,2,2,0,0,0,0,0
3,11,16,13,29,7,13,1,18,9,5,16,14,7,5,3,0,2,1,2,3,0,0,1,0,0,0,0,1,0,0,0,0,0,0,0
31,103,97,80,158,58,77,23,126,44,41,130,66,17,36,35,13,36,23,16,8,8,0,4,1,7,0,2,1,1,1,0,0,0,0,0
0,11,5,4,8,2,7,0,7,1,2,10,5,2,4,1,1,1,3,0,1,0,0,0,0,0,0,0,0,0,0,0,0,0,0,0
14,48,24,30,51,22,31,19,48,27,16,72,32,7,17,17,4,13,2,8,5,6,0,1,2,0,0,1,2,0,0,1,0,0,0,0
5,21,13,17,28,7,14,5,18,6,13,24,17,5,8,3,2,6,1,1,1,1,0,0,1,1,0,0,0,0,0,0,0,0,0,0
2,5,3,5,8,3,11,0,14,1,5,15,11,5,3,0,1,2,0,1,0,1,0,1,0,1,0,0,2,0,0,0,0,0,0,0
3,8,13,10,22,5,15,8,18,11,10,18,8,5,7,4,6,4,4,0,1,0,0,0,0,2,0,1,1,0,0,0,0,0,0,0
21,65,87,66,119,30,65,16,93,19,41,68,45,18,35,31,4,9,10,7,6,8,1,6,0,4,1,3,3,4,0,0,0,0,0,0
3,2,4,3,8,0,2,2,5,1,1,5,2,2,0,2,0,0,0,0,0,0,0,1,0,0,0,0,0,0,0,0,0,0,0,0
50,132,75,113,166,88,135,27,186,73,85,219,123,38,80,33,32,70,16,7,18,26,0,6,1,16,11,7,7,1,0,0,0,0,0,0
34,98,88,93,175,42,104,38,143,32,53,144,95,37,59,38,5,10,18,9,6,7,0,6,1,2,2,2,2,1,0,0,0,0,0,0
12,98,88,61,140,45,70,28,119,41,21,132,75,22,39,31,2,13,19,9,7,5,0,4,0,4,4,3,2,1,0,1,0,0,0,0
15,42,51,40,88,29,47,16,86,33,25,75,47,12,23,14,1,13,11,2,4,2,0,2,1,4,0,7,3,0,0,0,0,0,0,0
55,138,101,97,176,68,188,34,187,30,64,244,106,53,88,44,12,26,13,15,19,14,0,9,2,10,3,6,0,0,2,0,0,0,0,0
3,13,19,14,29,9,18,5,24,10,3,37,20,3,8,9,0,7,3,0,2,1,0,1,1,0,1,0,0,0,0,0,0,0,0,0
35,67,82,57,135,47,93,26,101,44,39,141,61,21,39,23,11,47,9,16,5,12,1,3,2,3,2,4,2,0,0,0,0,0,0,0
2,2,3,1,8,2,2,0,3,3,1,1,0,0,0,0,0,1,0,0,0,0,0,0,0,0,0,0,0,0,0,0,0,0,0,0
0,11,7,3,11,1,5,4,9,3,3,11,7,0,3,1,0,5,1,0,0,0,0,0,0,0,0,0,1,0,0,0,0,0,0,0
12,10,5,5,17,2,10,3,12,4,5,12,4,3,2,3,0,3,2,0,0,0,0,0,1,0,1,2,0,0,0,0,0,0,0,0
9,13,28,14,42,11,24,7,33,24,9,29,20,7,11,5,7,6,7,2,1,0,0,1,0,1,0,1,1,0,0,0,0,0,0,0
8,13,24,19,30,10,9,6,30,12,9,30,11,3,8,4,0,8,2,3,1,1,0,0,0,0,0,2,0,0,0,0,0,0,0,0
41,136,101,79,205,54,160,43,165,42,45,231,120,24,73,60,4,40,24,6,25,30,1,3,3,10,1,3,5,3,0,3,0,0,0,0
7,23,22,19,40,11,21,15,37,14,6,33,17,8,6,4,1,2,3,2,2,1,0,2,0,2,0,0,1,0,0,0,0,0,0,0
11,41,32,27,51,14,45,7,55,14,17,47,18,14,16,10,2,12,7,2,4,3,0,3,0,2,0,0,2,0,0,0,0,0,0,0
7,23,42,27,77,22,34,8,51,10,13,44,18,7,12,7,7,18,2,3,0,3,0,1,0,1,0,0,0,0,0,0,0,0,0,0
84,162,187,158,341,90,178,62,282,47,83,210,118,53,101,66,7,34,38,15,14,17,0,12,5,7,7,7,6,1,0,0,0,0,0,0
151,515,500,423,832,252,361,154,637,266,235,566,303,93,170,161,52,152,92,54,38,49,0,27,10,29,18,14,7,3,3,0,0,0,0,0
171,454,346,365,709,292,486,192,653,155,250,640,319,125,261,151,31,126,99,38,38,55,1,19,6,31,15,17,15,8,1,2,0,0,0,0
13,26,36,31,46,17,23,7,46,7,22,41,34,4,11,12,4,12,4,5,3,9,0,3,1,2,1,3,2,0,0,0,0,0,0,0
52,135,173,138,310,78,124,49,232,57,68,177,81,29,68,47,18,75,22,9,19,15,0,7,4,13,2,5,1,1,0,0,0,0,0,0
4,9,3,10,15,2,7,2,9,4,2,20,12,3,2,4,1,1,2,1,0,3,0,1,0,1,0,1,0,0,0,0,0,0,0,0
10,22,23,30,39,16,18,11,42,15,20,32,20,6,8,9,3,11,4,1,0,3,2,3,1,6,0,0,1,0,0,1,0,0,0,0
4,10,7,5,9,4,4,1,6,2,0,7,6,0,1,4,1,4,0,1,0,1,0,0,0,1,0,0,0,0,0,0,0,0,0,0
17,41,48,45,79,36,44,14,52,26,32,48,25,9,31,28,9,18,11,2,4,3,0,0,0,6,0,6,2,1,0,0,0,0,0,0
33,106,101,105,160,54,95,37,157,50,51,168,81,21,65,39,13,45,21,11,10,5,0,7,1,12,3,2,3,2,0,2,1,0,0,0
6,9,13,5,22,7,18,6,18,0,6,21,15,5,10,3,1,1,3,0,1,1,0,0,0,0,0,1,0,0,0,0,0,0,0,0
21,58,67,61,133,25,90,23,119,27,44,121,69,29,36,21,11,15,14,5,4,5,0,7,0,11,3,1,4,0,1,0,0,0,0,0
114,523,382,326,651,272,371,230,682,155,207,918,524,104,218,178,55,156,135,67,36,57,0,19,2,40,11,13,11,2,2,3,0,1,0,0
2,9,4,1,9,5,4,3,3,5,2,4,4,0,4,0,0,2,3,1,1,1,0,0,0,0,0,0,0,0,0,0,0,0,0,0
95,267,263,186,468,177,280,85,344,95,103,474,200,81,95,74,37,114,33,34,26,28,1,9,4,19,3,8,4,3,0,0,0,0,0,0
2,9,10,16,15,10,12,6,14,9,7,23,14,1,7,5,1,4,1,0,2,2,0,0,1,1,1,1,0,0,0,0,0,0,0,0
17,38,32,30,66,26,35,17,51,19,13,58,34,5,29,16,2,5,2,5,4,1,0,1,0,1,0,1,2,0,0,1,0,0,0,0
27,136,109,77,148,54,123,34,130,44,46,236,117,36,50,54,5,40,24,7,16,19,0,6,2,8,4,9,4,1,0,0,0,0,0,0
2,12,15,9,22,5,8,4,16,7,5,28,10,6,3,7,0,9,2,2,2,2,0,1,1,1,0,0,0,1,0,0,0,0,0,0
49,117,113,102,171,64,131,39,194,61,42,204,89,32,71,39,5,46,23,14,17,14,1,3,1,7,0,3,6,0,0,0,0,0,0,0
19,22,28,33,53,18,25,13,38,22,14,50,20,7,11,9,1,22,6,2,4,2,0,4,0,1,2,2,3,0,0,0,0,0,0,0
65,156,88,90,160,66,120,48,181,70,55,262,115,25,64,40,9,62,27,18,8,15,0,5,3,14,2,8,1,1,1,0,0,0,0,0
32,65,61,49,112,33,45,17,98,30,27,94,52,11,26,30,3,25,11,6,5,6,0,2,0,2,2,2,2,1,0,0,0,0,0,0
32,46,57,60,94,33,41,9,79,23,32,80,42,11,28,15,7,22,10,8,3,5,0,6,1,5,3,4,1,0,0,1,0,0,0,0
42,168,156,139,250,84,142,61,233,73,86,191,98,39,73,40,8,53,25,11,14,10,0,11,3,13,8,8,1,0,1,1,1,0,0,0
8,20,29,22,46,16,7,3,44,17,10,21,16,1,6,5,6,9,8,0,0,0,0,1,0,5,2,3,3,1,0,0,0,0,0,0
34,72,98,97,174,53,96,32,138,61,51,137,92,27,43,35,4,25,14,7,10,9,1,9,2,4,5,0,3,0,0,0,0,0,0,0
93,246,314,297,458,155,275,125,500,134,169,279,183,100,152,90,26,42,62,15,26,38,0,22,7,5,11,19,10,8,1,0,0,0,0,0
2,7,9,6,9,5,7,2,15,5,6,27,12,0,5,1,2,11,3,1,0,1,0,0,0,0,0,0,0,0,0,0,0,0,0,0
1,6,8,1,8,1,3,0,5,0,2,4,3,1,2,0,1,1,1,0,0,0,0,0,0,0,0,0,0,0,0,0,0,0,0,0
26,50,46,53,84,29,57,19,66,25,19,69,41,8,31,13,3,24,8,4,4,4,0,3,0,2,2,2,2,1,0,0,0,0,0,0
30,62,53,61,97,37,38,21,105,23,29,85,47,6,22,21,6,20,7,6,2,9,0,3,1,5,3,2,3,0,1,0,0,0,0,0
46,106,113,97,193,64,109,43,172,79,58,228,98,29,51,42,17,61,26,14,9,19,1,13,3,4,3,4,3,1,0,1,0,0,0,0
12,16,22,30,47,11,20,12,60,20,9,40,21,3,14,14,1,3,7,4,0,2,0,2,1,4,0,1,0,0,0,0,0,0,0,0
2,6,10,11,17,6,7,2,12,6,3,12,10,2,2,4,1,4,3,0,1,1,0,0,0,0,1,0,3,0,0,0,0,0,0,0
159,348,350,346,720,205,376,135,512,384,158,556,359,108,218,178,60,73,85,29,32,32,1,21,6,20,8,3,15,0,4,0,1,0,0,0
5,21,24,21,46,14,13,3,24,6,10,23,13,5,7,4,0,16,2,4,3,2,0,2,0,1,0,2,2,0,0,0,0,0,0,0
9,21,21,21,35,9,18,11,33,14,10,24,13,3,11,9,3,12,4,1,1,2,0,0,0,0,0,0,0,0,0,0,0,0,0,0
134,358,415,374,759,234,560,170,604,140,196,685,409,157,260,142,40,86,78,63,40,58,2,21,3,23,11,12,10,1,0,1,0,0,0,0
48,210,176,190,284,89,173,51,275,97,70,209,110,56,91,71,16,38,31,9,20,29,0,8,4,9,5,3,14,4,2,0,0,0,0,0
5,13,15,15,22,8,13,4,23,8,5,21,11,8,3,8,2,1,3,2,1,0,0,3,1,0,0,2,2,0,0,0,0,0,0,0
64,173,137,140,237,66,132,61,221,82,78,207,152,23,81,35,8,27,21,10,7,22,0,3,3,5,2,9,5,0,2,0,0,0,0,0
88,222,176,142,362,88,260,85,287,151,84,368,166,81,141,89,17,34,24,33,25,28,0,13,4,13,5,13,3,1,0,2,0,0,0,0
10,19,18,26,37,14,17,3,42,5,14,32,21,6,9,11,3,4,2,2,3,3,0,0,0,0,0,0,2,1,0,0,0,0,0,0
0,0,2,1,6,0,3,1,2,0,1,3,2,1,3,0,0,0,1,0,0,1,0,0,0,0,0,0,0,0,0,0,0,0,0,0
8,19,25,20,35,15,25,8,39,8,18,45,22,14,11,13,2,5,4,1,8,6,0,0,4,0,0,2,3,0,1,0,0,0,0,0
15,30,40,38,71,22,25,6,45,8,18,35,23,8,16,13,3,9,9,2,0,4,0,5,0,3,1,1,2,0,0,1,0,0,0,0
29,97,104,115,195,34,78,27,149,27,44,102,96,20,58,39,5,15,26,3,12,9,0,6,0,3,0,0,1,0,0,0,0,0,0,0
36,148,154,141,256,98,118,82,255,52,68,236,112,13,89,59,19,91,35,7,17,22,0,10,1,10,9,4,3,2,0,1,1,0,0,0
16,34,43,32,63,18,23,8,50,29,17,53,31,6,7,10,7,20,4,5,2,11,0,1,0,3,2,1,2,0,0,0,0,0,0,0
164,364,417,395,726,187,373,134,678,182,281,572,303,151,195,164,42,142,88,39,41,53,0,29,4,30,10,27,13,2,1,0,0,0,0,0
60,184,159,149,305,92,202,64,293,83,103,277,161,35,109,54,18,66,21,16,13,32,0,5,4,11,3,2,5,2,1,1,0,0,0,0
21,52,31,38,59,29,45,13,62,21,12,73,39,10,28,13,1,24,9,5,1,6,0,0,0,3,2,2,0,0,0,0,0,0,0,0
161,417,438,444,832,268,459,131,658,191,283,475,289,137,242,143,23,119,79,38,44,47,1,24,2,24,13,21,24,2,4,4,0,0,0,0
14,20,22,12,41,16,28,7,39,2,7,52,20,9,9,9,2,10,1,1,2,5,0,2,0,3,0,0,1,0,0,0,0,0,0,0
11,31,20,14,27,13,30,9,42,8,13,63,36,6,20,3,0,5,7,0,1,7,0,0,0,1,1,2,0,0,1,0,0,0,0,0
50,149,157,105,250,80,160,64,211,76,69,299,157,33,99,69,6,70,36,15,23,19,0,10,1,11,4,5,3,1,0,0,0,0,0,0
1,1,4,0,8,2,3,0,5,6,0,8,5,1,0,0,0,1,1,0,1,1,0,0,0,0,0,0,0,0,0,0,0,0,0,0
24,41,47,26,84,24,49,14,78,9,22,62,23,20,21,15,4,13,16,4,4,4,0,0,1,1,0,2,2,0,0,0,0,0,0,0
20,28,46,24,63,19,34,11,67,13,18,69,25,9,24,11,4,30,7,3,3,11,0,0,0,2,0,0,1,2,0,0,0,0,0,0
15,36,38,25,64,15,27,7,56,20,22,60,32,10,15,21,4,19,11,5,9,3,0,2,1,1,1,0,1,1,3,0,0,0,0,0
49,116,136,105,236,59,90,53,181,83,71,185,103,28,47,46,11,53,32,15,13,19,0,7,3,6,3,4,7,2,1,3,0,0,0,0
85,390,306,263,472,167,312,130,454,135,185,415,253,119,134,91,33,79,52,31,26,28,1,19,4,23,4,16,16,0,0,0,0,0,1,0
109,568,395,353,748,234,524,211,639,226,220,634,368,99,270,150,19,124,69,39,53,48,5,34,3,23,12,17,11,1,3,4,0,0,0,0
9,17,19,16,33,10,18,7,21,3,8,31,16,7,5,7,0,1,8,2,2,2,0,1,0,1,0,0,2,0,0,0,0,0,0,0
14,32,46,53,76,31,50,17,55,16,18,57,29,16,21,17,3,6,13,4,3,6,0,1,1,3,1,2,1,0,0,0,0,0,0,0
6,28,16,20,27,8,22,9,21,10,11,39,19,7,14,5,5,5,5,1,0,8,0,0,0,0,0,1,0,0,0,1,0,0,0,0
50,139,136,157,216,74,158,52,223,56,101,219,134,48,78,46,9,43,34,7,14,15,0,8,3,3,9,2,6,1,0,0,0,0,0,0
31,84,53,50,133,46,93,23,104,44,40,139,78,20,40,13,9,36,10,9,16,13,0,0,0,3,1,4,2,0,1,0,0,0,0,0
6,48,39,40,53,13,45,8,58,28,24,111,59,12,19,18,2,27,8,3,16,6,0,9,0,1,2,1,1,0,0,2,0,0,0,0
6,21,24,26,50,11,21,17,41,6,7,36,19,2,11,16,0,8,3,0,0,1,0,3,1,0,0,0,2,0,0,0,0,0,0,0
176,333,347,324,679,205,345,135,500,138,212,444,237,88,164,123,16,47,72,40,36,42,0,29,5,17,10,6,12,2,0,0,0,0,0,0
176,354,375,275,700,179,416,175,533,216,211,680,321,105,206,107,51,185,83,42,45,37,0,19,7,21,7,6,10,0,3,4,0,0,0,0
178,536,453,509,999,325,419,154,583,77,291,463,473,110,201,221,62,142,167,47,42,75,0,22,5,29,16,20,13,3,1,0,0,0,0,0
8,31,36,31,69,20,26,18,56,11,15,42,17,11,16,10,5,19,12,9,4,5,0,0,0,2,4,3,1,0,0,0,0,0,0,0
184,313,410,358,761,206,445,221,707,195,296,666,381,72,338,110,47,178,69,64,67,56,1,16,3,24,13,12,9,2,2,0,0,0,0,0
96,243,277,217,485,96,221,74,394,87,135,395,236,67,108,79,19,87,49,15,32,24,1,18,5,13,12,13,11,0,1,0,0,0,0,0
1,10,11,8,18,7,8,3,16,9,4,9,5,5,7,5,0,1,2,1,2,0,0,0,0,0,1,0,1,0,0,0,0,0,0,0
4,24,15,22,37,13,23,7,24,19,5,29,14,5,10,10,1,7,2,1,0,4,0,1,0,0,0,0,0,0,0,0,0,0,0,0
21,57,46,60,91,29,51,19,66,31,34,80,40,15,24,21,2,10,7,3,2,5,0,5,1,4,3,1,2,1,0,0,0,0,0,0
3,36,23,15,36,10,17,9,35,7,14,38,27,5,11,5,9,10,8,2,1,1,0,1,1,2,0,2,1,0,0,0,0,0,0,0
30,89,134,121,203,57,89,43,153,32,91,142,89,28,60,47,17,34,23,13,11,17,0,9,2,10,3,3,5,0,1,0,0,0,0,0
141,515,330,351,621,288,518,113,562,225,192,775,451,156,278,133,18,94,51,29,52,35,0,23,5,55,13,13,8,3,2,1,0,0,0,0
1,4,6,1,9,4,5,2,6,0,3,10,3,0,2,0,0,4,0,1,0,1,0,0,0,1,0,0,0,0,0,0,0,0,0,0
8,29,31,27,54,19,14,14,39,18,15,19,13,4,11,9,3,11,8,2,2,3,0,1,0,1,0,0,1,0,0,0,0,0,0,0
0,2,0,0,2,0,1,0,3,0,0,5,1,0,2,0,1,1,0,0,0,1,0,0,0,1,0,0,0,0,0,0,0,0,0,0
59,200,174,131,256,78,138,58,237,89,75,216,139,25,86,41,22,45,29,8,10,10,0,8,0,18,6,8,4,1,0,0,0,0,0,0
28,85,102,88,176,57,93,31,166,30,92,150,105,27,53,58,6,22,20,13,13,2,2,12,1,4,1,4,8,0,0,0,0,0,0,0
7,12,26,14,47,6,12,7,24,12,10,25,10,2,11,2,3,18,5,2,3,1,0,0,2,0,0,1,0,0,1,0,0,0,0,0
118,468,397,375,726,239,448,180,689,216,222,692,410,96,256,140,23,162,74,45,68,62,0,27,11,25,13,8,13,1,2,0,1,0,0,0
10,10,16,8,31,9,17,4,15,5,5,23,16,7,3,3,2,1,2,0,0,0,0,0,0,0,0,3,1,0,0,0,0,0,0,0
4,6,11,14,16,7,7,3,12,9,7,15,12,1,3,2,0,1,5,0,2,1,0,1,0,0,0,0,1,0,0,0,0,0,0,0
2,15,13,13,21,5,18,7,26,11,5,26,12,7,6,14,1,2,4,1,3,2,0,1,0,2,2,0,3,0,0,0,0,0,0,0
0,3,1,5,5,3,4,2,7,2,1,6,3,2,1,0,0,2,2,0,0,1,0,0,0,0,0,0,0,0,0,0,0,0,0,0
44,62,96,97,168,59,132,24,163,57,48,201,106,27,63,43,2,19,26,7,22,13,0,10,1,5,0,6,3,0,1,0,0,0,0,0
18,43,60,39,84,27,30,24,100,18,33,32,19,7,23,23,2,12,12,6,4,7,1,5,0,6,1,0,2,2,0,0,0,0,0,0
4,23,6,14,12,4,8,1,10,2,7,15,6,1,5,4,1,6,1,0,0,0,0,0,1,0,0,0,0,0,0,1,0,0,0,0
4,2,5,4,9,1,1,2,6,3,4,4,7,0,2,2,0,2,1,0,0,0,0,0,0,0,0,0,1,0,0,1,0,0,0,0
29,81,63,71,108,45,81,29,112,47,22,157,72,8,60,35,12,23,11,6,8,4,0,4,1,6,0,1,1,1,0,0,0,0,0,0
129,451,430,303,696,340,596,175,630,168,226,798,380,134,308,147,27,142,62,55,55,37,0,26,5,30,11,16,18,2,3,2,0,0,0,0
57,151,152,123,270,77,163,77,315,53,94,291,136,39,98,59,20,63,48,20,24,21,1,8,1,13,3,5,10,4,2,1,0,0,0,0
166,388,327,256,597,256,358,106,529,153,175,728,326,109,176,160,41,145,71,29,32,50,1,20,6,20,11,14,9,1,0,4,0,0,0,0
5,18,9,6,25,11,11,6,20,10,1,19,6,1,6,6,0,7,4,1,0,1,0,0,0,0,2,1,1,0,0,0,0,0,0,0
54,122,134,124,239,69,122,47,205,98,80,184,107,40,65,30,8,36,19,11,15,7,2,8,4,10,2,4,5,0,0,0,0,0,0,0
51,214,193,172,322,95,210,93,323,90,85,313,156,48,128,65,11,40,25,27,22,17,0,10,1,9,9,8,3,0,0,1,0,0,0,0
70,157,152,130,280,86,141,55,256,105,89,240,108,34,75,45,12,54,32,23,21,16,0,7,3,10,6,4,2,2,4,1,0,0,0,0
23,67,68,55,108,28,51,24,131,32,17,110,53,15,35,16,1,12,6,9,11,4,0,3,2,3,5,6,1,0,0,0,0,0,0,0
123,344,304,275,526,191,357,143,525,128,201,500,274,75,206,133,25,107,64,51,47,38,0,14,3,13,8,19,19,6,1,0,0,0,0,0
1,3,1,2,2,1,2,0,2,1,1,5,1,1,0,0,0,2,1,0,0,0,0,1,0,0,0,0,0,0,0,0,0,0,0,0
17,44,46,23,77,28,42,12,80,30,10,99,44,15,14,18,2,27,8,8,8,7,0,2,0,2,0,2,4,1,0,0,0,0,0,0
8,12,20,15,32,8,7,8,23,11,15,16,13,0,5,2,6,11,9,3,1,3,0,3,0,1,3,1,0,0,0,0,0,0,0,0
43,106,100,87,177,45,84,47,162,61,55,143,54,23,49,47,15,39,25,8,4,11,0,5,2,7,1,3,4,1,0,0,0,0,0,0
55,174,93,91,171,72,100,47,169,85,46,222,109,12,67,39,9,89,21,11,15,19,0,4,2,13,3,7,4,0,1,0,0,0,0,0
3,11,21,22,32,9,12,2,22,2,20,8,11,8,4,8,0,3,1,0,1,4,0,0,0,1,1,1,2,0,1,0,0,0,0,0
174,460,391,334,633,234,373,212,649,165,165,845,338,114,185,191,28,253,81,43,58,72,0,22,8,33,23,27,16,2,1,3,0,0,0,0
51,98,76,61,144,70,90,53,157,42,36,186,47,21,48,19,9,77,21,12,13,14,0,5,0,5,3,3,2,1,0,0,0,0,0,0
5,9,13,4,18,5,15,3,13,2,4,21,16,2,10,4,2,3,1,0,5,2,0,0,1,0,0,2,0,1,0,0,0,0,0,0
12,37,27,31,67,12,30,12,49,24,14,50,32,7,15,11,3,11,10,2,4,3,0,1,2,4,1,0,1,0,0,0,0,0,0,0
1,4,8,7,13,3,10,3,9,9,2,16,8,3,3,3,0,0,1,2,0,1,0,0,0,1,0,0,0,0,0,0,0,0,0,0
1,9,9,14,15,3,13,2,12,2,9,16,12,6,4,4,0,0,0,1,1,0,0,1,1,1,0,1,5,0,0,0,0,0,0,0
33,109,59,48,132,51,59,35,116,45,38,98,48,12,32,24,5,31,21,8,2,9,1,7,2,7,0,6,0,1,1,0,0,0,0,0
12,67,70,65,96,27,52,16,67,55,20,78,60,12,31,22,7,19,16,4,4,4,0,2,1,4,3,1,3,1,0,1,0,0,0,0
14,61,59,65,104,30,61,13,89,23,40,84,46,23,23,25,9,13,12,8,4,6,0,4,2,2,1,4,4,0,0,0,0,0,0,0
1,3,6,9,9,4,4,1,4,6,7,2,5,1,0,0,0,3,1,0,0,1,0,0,1,0,0,0,2,0,0,0,0,0,0,0
23,74,96,76,146,54,70,25,133,24,55,94,49,24,30,30,9,21,12,6,12,15,0,14,3,2,1,1,2,1,0,0,0,0,0,0
1,0,3,2,6,0,3,1,4,5,1,6,3,1,1,1,0,1,0,0,0,1,0,0,0,0,0,1,0,0,0,0,0,0,0,0
12,34,22,34,47,17,13,11,42,21,19,52,29,3,10,10,5,22,6,3,3,2,0,3,0,1,0,0,0,1,0,0,0,0,0,0
5,17,12,10,17,4,8,6,11,5,5,7,6,2,6,4,0,3,3,2,0,1,0,0,0,1,2,0,1,0,0,0,0,0,0,0
218,374,422,376,738,266,377,163,644,273,237,590,292,121,200,149,45,177,98,37,39,26,2,36,2,39,7,19,18,0,1,0,0,0,0,0
15,18,23,35,47,25,30,14,35,7,13,55,20,5,21,6,2,20,11,1,5,5,0,1,2,1,1,2,2,0,0,0,0,0,0,0
56,121,144,160,264,98,81,44,223,62,94,223,143,24,50,60,48,29,34,18,12,8,0,7,1,11,7,4,5,0,0,1,0,0,0,0
171,410,450,385,734,203,497,169,704,158,250,652,397,157,248,140,12,97,65,36,45,55,0,23,2,21,8,7,17,3,1,0,0,0,0,0
22,51,37,51,84,32,41,13,42,22,24,54,57,10,20,17,5,7,11,7,4,3,0,2,0,5,3,1,3,1,0,0,0,0,0,0
29,39,55,47,104,26,127,24,74,32,46,100,45,52,57,20,1,1,8,8,6,8,0,3,0,10,3,1,14,0,0,0,0,0,0,0
4,28,9,3,16,5,19,3,20,7,2,21,6,4,7,2,5,6,2,1,1,2,0,0,0,0,0,0,0,0,0,0,0,0,0,0
48,192,254,188,372,76,196,53,254,85,99,377,223,89,93,95,25,60,63,10,23,16,0,16,5,14,5,6,11,2,0,4,1,0,0,0
27,91,95,80,144,51,114,36,143,34,57,143,81,36,59,39,13,11,10,9,12,8,0,3,3,7,1,3,8,1,0,0,0,0,0,0
40,104,117,82,170,57,88,32,144,77,59,161,91,11,58,44,11,53,18,8,21,17,0,11,3,2,1,2,3,1,1,1,0,0,0,0
84,149,149,140,296,72,182,52,257,83,118,220,142,48,101,42,7,31,32,9,10,9,0,8,5,3,6,3,8,1,2,1,0,0,0,0
19,67,61,58,115,46,49,27,115,18,26,107,53,12,27,11,6,32,9,10,2,7,0,2,0,1,2,1,1,0,0,0,0,0,0,0
9,54,58,33,78,44,59,25,50,37,22,86,50,10,32,19,5,19,9,9,5,10,0,0,0,6,1,1,1,0,1,0,0,0,0,0
6,17,14,5,31,3,9,2,21,8,4,33,20,0,6,9,5,6,1,1,1,4,0,1,0,1,0,0,0,0,0,0,0,0,0,0
11,16,13,8,20,11,10,5,22,3,5,21,12,2,8,7,0,3,4,1,0,1,0,1,1,0,0,0,0,0,0,0,0,0,0,0
84,147,155,145,245,60,177,58,280,64,118,281,134,43,94,72,12,32,28,17,24,17,0,11,1,8,6,13,4,3,0,1,0,0,0,0
6,8,10,8,14,4,8,4,18,6,7,9,4,2,3,4,1,2,1,1,1,0,0,1,0,2,0,2,0,0,0,0,0,0,0,0
165,330,414,310,653,222,269,115,488,130,180,506,273,68,149,108,28,140,48,31,31,39,0,18,11,33,14,18,9,2,3,0,0,0,0,0
118,314,229,225,415,192,248,100,315,195,132,492,251,53,134,106,35,122,36,27,23,30,0,6,2,17,9,4,13,1,0,4,0,0,0,0
122,278,253,216,446,184,350,102,390,118,170,554,269,85,179,99,8,110,47,23,67,39,0,13,2,19,8,10,5,1,1,4,0,0,0,0
47,142,97,107,181,51,100,28,121,42,70,165,87,11,53,27,15,61,27,6,7,17,2,7,1,2,2,7,5,1,0,0,0,0,0,0
45,110,168,115,280,70,117,43,211,63,52,185,67,29,69,42,22,75,28,10,12,16,0,3,1,8,4,7,10,2,1,0,0,0,0,0
9,14,26,27,56,18,29,13,37,15,10,53,30,4,13,8,1,14,5,0,2,6,0,5,0,2,0,1,0,1,0,0,0,0,0,0
10,47,46,34,60,18,21,17,57,30,12,30,23,0,12,11,2,10,12,2,1,1,0,2,1,0,1,1,0,0,0,0,0,0,0,0
5,7,6,14,17,1,7,4,16,1,3,5,2,1,5,3,1,2,4,1,0,3,0,0,0,1,0,0,0,1,0,0,0,0,0,0
5,11,23,16,36,8,10,8,29,0,4,15,11,1,5,4,0,5,2,0,2,2,0,1,0,1,0,0,0,0,0,0,0,0,0,0
32,61,63,51,118,43,41,17,96,26,34,84,37,12,20,18,18,41,20,6,3,6,0,6,2,4,2,6,1,0,0,0,0,1,0,0
23,71,77,62,107,40,95,22,86,39,38,101,65,30,42,25,4,15,22,4,7,6,0,4,1,7,1,3,1,2,1,0,0,0,0,0
3,17,19,11,41,15,18,8,21,5,6,26,14,5,10,6,0,2,0,0,0,2,0,0,0,3,1,1,0,0,1,0,0,0,0,0
136,342,351,325,553,274,344,159,444,130,182,557,255,71,227,137,17,157,96,67,21,51,0,14,7,20,6,8,9,0,4,4,0,0,0,0
2,15,6,11,12,4,9,1,14,5,5,14,5,1,7,3,1,1,0,0,0,0,0,0,0,0,1,1,1,0,0,0,0,0,0,0
17,38,28,27,48,32,23,11,40,30,16,67,41,5,15,18,4,14,14,2,3,2,0,1,0,0,1,2,0,1,0,1,0,0,0,0
8,18,8,12,26,4,36,10,32,3,7,51,15,9,12,12,2,8,3,1,7,0,0,0,0,1,0,0,1,0,0,0,0,0,0,0
14,31,36,36,68,15,30,4,53,6,13,48,28,12,10,17,4,9,3,2,3,9,0,5,0,1,1,0,5,0,0,0,0,0,0,0
41,122,123,105,220,56,95,46,178,54,43,163,60,18,58,26,6,92,26,17,17,4,0,9,2,0,2,3,0,2,0,0,0,0,0,0
130,247,315,219,513,166,267,87,425,93,144,406,190,79,143,90,20,120,64,33,31,44,1,15,10,18,9,10,15,4,0,0,0,0,0,0
5,5,2,1,5,3,0,0,5,0,3,10,3,0,0,6,1,1,2,0,0,0,0,0,0,0,0,1,0,0,0,0,0,0,0,0
6,17,16,18,25,12,21,2,18,14,10,33,16,8,5,9,0,4,4,3,3,1,0,0,0,2,1,1,1,1,0,1,0,0,0,0
26,62,69,37,96,40,50,23,71,25,28,88,40,13,27,17,12,29,10,7,4,2,0,3,1,6,1,3,0,0,0,0,0,0,0,0
93,263,230,182,386,107,200,119,390,123,120,444,187,50,111,88,30,153,41,21,29,34,2,14,2,22,6,13,8,2,1,0,1,1,0,0
7,11,4,3,8,4,8,1,15,3,0,13,6,4,1,4,2,1,1,2,1,2,0,0,0,0,0,1,0,0,0,0,0,0,0,0
3,7,14,10,24,6,16,2,17,1,2,11,3,3,8,3,1,4,1,1,3,0,0,1,0,0,0,0,0,0,0,0,1,0,0,0
52,132,113,117,226,123,156,31,196,63,75,221,92,48,73,39,12,71,42,15,8,20,1,13,2,9,1,5,7,1,1,1,0,0,0,0
129,220,264,272,509,155,253,85,441,95,191,379,218,77,127,75,34,125,76,20,34,25,1,15,2,17,5,7,21,1,1,2,1,0,0,0
192,388,466,268,816,204,518,173,595,244,199,662,356,123,274,168,24,80,60,34,59,46,0,21,4,42,8,12,21,2,2,1,0,0,0,0
15,31,22,26,54,10,25,6,35,24,8,46,29,4,16,10,5,14,10,4,3,5,0,0,0,1,0,0,2,0,0,0,0,0,0,0
1,2,0,0,1,1,4,0,0,2,1,1,0,0,2,0,0,0,0,0,0,0,0,0,0,0,0,0,0,0,0,0,0,0,0,0
37,125,122,100,192,39,128,52,148,98,63,204,100,37,70,38,12,38,25,18,20,13,0,6,0,10,1,4,6,0,0,0,0,0,0,0
18,63,54,52,95,20,35,12,73,51,24,85,36,11,19,19,1,38,18,8,2,4,0,3,1,8,2,0,0,0,0,0,0,0,0,0
8,27,19,12,27,9,9,8,25,5,18,25,20,3,7,8,3,4,3,3,1,2,0,2,0,1,2,1,0,2,0,0,0,0,0,0
18,86,43,66,94,39,54,10,72,38,38,82,43,13,35,18,12,16,13,2,5,5,1,5,1,5,3,1,0,1,1,0,0,0,0,0
25,46,50,37,95,25,40,16,86,35,33,75,41,12,24,14,3,19,11,3,5,4,0,6,2,7,2,2,1,0,0,0,0,0,0,0
119,328,387,314,652,150,353,142,602,235,245,509,272,96,182,113,42,128,86,36,36,29,1,27,4,33,16,21,9,2,3,1,1,0,0,0
6,40,33,28,45,22,28,16,40,23,12,23,15,11,8,5,1,3,6,2,3,4,0,1,0,3,0,1,0,0,0,0,0,0,0,0
4,20,14,16,26,17,22,7,30,10,9,47,29,5,7,6,1,1,3,0,1,3,0,1,0,5,0,1,0,2,0,0,0,0,0,0
1,1,5,1,9,4,4,2,10,5,4,14,4,3,2,1,0,1,3,0,0,0,0,0,0,0,0,0,0,0,0,0,0,0,0,0
8,21,19,11,30,10,13,6,18,8,10,43,7,4,7,5,2,20,1,1,0,5,0,1,0,1,0,0,1,0,1,0,0,0,0,0
39,141,116,129,238,57,137,47,174,76,61,170,105,41,67,63,8,16,26,11,18,14,1,10,2,3,5,4,8,0,1,0,0,0,0,0
15,41,30,31,69,21,25,13,37,21,8,53,27,5,14,8,1,24,7,8,0,3,0,0,1,1,2,1,0,0,0,0,0,0,0,0
3,6,3,9,12,6,7,0,8,7,2,18,9,4,3,3,1,0,0,2,1,0,0,0,0,1,0,0,0,0,0,0,0,0,0,0
121,428,286,377,593,186,370,157,398,310,162,721,395,86,167,130,23,113,58,49,45,52,0,17,3,25,13,7,4,1,3,7,0,0,0,0
20,88,86,90,151,51,68,41,109,73,43,91,64,21,40,22,14,11,23,11,4,6,1,8,3,8,2,3,1,1,1,1,0,0,0,0
20,63,66,60,116,34,50,30,80,31,53,86,52,11,26,18,6,17,11,11,5,3,1,4,2,3,2,3,2,0,0,0,0,0,0,0
3,5,3,1,7,4,3,3,5,3,4,7,5,0,1,2,0,3,0,0,1,1,0,0,0,0,0,0,0,0,0,0,0,0,0,0
30,184,133,128,211,90,135,49,183,84,97,220,126,37,79,68,23,42,33,11,12,18,0,10,3,15,9,7,15,0,2,1,0,0,0,0
190,381,461,402,815,188,359,117,586,222,225,565,328,124,180,154,20,68,103,54,40,41,0,30,4,17,5,17,22,3,1,2,0,0,0,0
18,42,39,44,72,32,29,12,61,18,32,56,40,17,14,18,3,8,7,1,5,1,0,4,0,3,0,3,1,2,0,0,0,0,0,0
0,5,2,3,7,2,2,0,3,1,0,4,4,0,2,2,0,1,2,0,1,0,0,0,0,0,0,1,0,0,0,0,0,0,0,0
7,17,14,10,19,4,12,7,14,21,4,14,5,3,12,2,0,4,2,1,1,1,0,1,0,1,1,0,0,0,0,0,0,0,0,0
4,9,6,9,11,6,10,5,13,7,0,23,10,2,6,4,0,2,1,3,0,0,0,0,0,0,2,0,1,0,0,0,0,0,0,0
13,33,21,16,35,15,33,13,34,10,15,51,24,7,17,8,1,6,5,3,2,5,0,2,2,1,0,0,0,0,0,0,0,0,0,0
8,37,32,18,59,10,25,17,45,15,21,37,23,8,18,3,3,10,5,6,2,4,0,6,0,0,0,0,1,0,0,0,0,0,0,0
26,46,62,43,125,37,41,11,83,60,18,102,36,13,22,48,13,27,11,2,1,10,0,2,0,1,0,0,0,0,1,0,0,0,0,0
5,9,11,10,21,6,6,7,13,5,4,20,13,2,4,4,0,3,3,0,0,0,0,1,0,2,0,1,0,0,1,0,0,0,0,0
6,6,9,9,22,3,10,2,14,4,6,14,8,0,5,4,0,2,2,1,1,1,0,0,1,2,1,0,1,0,0,0,0,0,0,0
10,32,30,22,46,13,18,4,38,13,12,53,32,8,12,5,2,17,6,1,0,3,0,0,0,0,0,0,1,0,1,0,0,0,0,0
3,14,16,11,27,6,15,8,22,10,12,20,17,3,10,8,0,3,1,1,1,2,0,2,0,2,0,2,0,0,0,0,0,0,0,0
8,23,26,17,42,10,12,17,30,9,12,16,11,1,7,8,1,9,7,3,0,9,0,1,0,4,0,0,0,0,0,0,0,0,0,0
5,21,16,24,35,9,24,6,29,13,8,47,23,3,14,14,1,9,4,4,4,3,0,2,0,3,2,1,2,0,0,0,0,0,0,0
11,79,42,37,81,21,36,21,81,51,21,92,51,13,20,10,7,28,10,7,1,8,1,1,0,3,8,2,0,0,0,0,0,0,0,0
108,322,357,293,597,154,313,133,482,232,223,508,342,39,204,112,156,125,92,35,48,42,0,33,5,13,6,11,10,3,2,1,0,0,0,0
4,6,13,10,12,6,11,4,10,8,2,11,8,2,6,3,0,2,0,0,0,0,0,0,0,3,1,1,0,0,0,0,0,0,0,0
29,170,133,126,225,66,100,48,189,79,53,138,86,21,76,33,11,47,27,9,14,13,0,4,1,3,3,0,2,4,0,0,0,0,0,0
119,239,368,297,712,178,303,149,493,244,199,517,306,84,162,135,17,131,76,24,47,45,0,23,5,22,10,12,16,2,2,3,0,0,0,0
7,8,10,17,25,10,15,2,7,8,3,20,9,3,4,3,0,2,2,1,0,0,0,1,0,1,0,0,0,0,0,0,0,0,0,0
11,47,44,47,59,34,72,26,73,13,26,98,37,28,37,20,2,19,9,2,12,6,0,3,0,2,0,3,1,0,0,0,0,0,0,0
4,13,9,11,14,7,11,3,14,16,4,28,15,2,8,5,0,5,2,3,0,0,0,0,1,0,0,1,2,0,0,0,0,0,0,0
18,36,31,35,67,22,41,6,62,9,21,62,40,7,19,10,1,8,6,4,5,3,0,2,2,2,1,2,0,0,0,0,0,0,0,0
18,38,49,37,85,23,46,17,59,33,27,75,37,21,22,18,6,7,6,3,2,2,0,1,1,5,2,2,3,0,0,0,0,0,0,0
23,109,175,117,234,56,85,76,177,103,99,101,68,15,72,38,7,78,50,11,4,6,0,10,0,3,2,4,1,0,0,0,0,1,0,0
118,498,449,433,712,170,384,136,681,215,196,632,362,131,177,127,33,142,74,46,34,32,0,54,3,26,17,22,15,3,4,9,0,0,0,0
12,33,48,38,79,24,36,16,58,49,18,45,21,11,22,16,1,6,6,4,6,2,0,5,1,0,1,0,0,0,1,1,0,0,0,0
20,39,44,57,101,32,55,34,76,32,44,66,35,16,37,12,12,6,8,5,4,1,0,4,3,2,1,3,5,0,1,0,0,0,0,0
186,383,460,417,688,184,455,142,585,212,250,611,344,176,163,212,21,56,79,37,51,31,1,31,6,36,10,18,27,9,4,2,0,0,0,0
17,30,20,29,58,23,23,12,33,30,11,49,33,1,17,7,4,16,11,2,1,2,0,2,0,0,2,0,0,0,0,0,0,0,0,0
45,119,107,90,217,61,158,44,145,149,55,231,138,40,54,32,15,43,10,21,13,13,0,2,2,9,1,4,2,0,1,1,0,0,0,0
8,8,12,7,21,9,10,7,12,2,5,11,9,2,7,6,0,5,4,1,2,2,1,0,0,2,1,1,1,0,0,0,0,0,0,0
13,24,31,21,46,12,28,7,50,15,14,40,22,4,22,6,3,11,10,2,3,3,0,5,0,4,0,1,0,0,0,0,0,0,0,0
4,9,2,9,16,5,23,11,15,4,5,28,6,3,12,5,0,2,3,4,0,0,0,2,0,1,0,0,1,0,0,0,0,0,0,0
19,79,85,57,128,40,89,23,104,23,32,136,58,31,52,24,7,13,10,9,6,6,0,3,0,2,4,5,2,0,0,0,0,0,0,0
42,81,83,90,134,41,45,20,130,41,47,118,65,11,29,22,15,36,27,5,3,7,2,4,0,4,2,3,2,0,0,0,0,0,0,0
0,4,0,2,2,1,4,0,3,4,1,6,2,3,1,2,0,2,1,0,1,0,0,0,0,1,0,0,1,0,0,0,0,0,0,0
5,31,28,28,55,27,21,6,29,32,15,61,32,6,12,19,4,7,6,0,6,2,0,3,0,1,4,3,1,0,0,1,0,0,0,0
25,96,113,131,214,103,123,22,143,71,69,166,92,43,36,47,15,22,23,12,6,16,0,4,2,5,2,2,5,2,0,1,0,0,0,0
16,53,50,39,86,23,33,16,65,35,27,59,30,9,20,17,5,17,11,5,3,5,0,4,0,5,0,1,0,0,0,0,0,0,0,0
7,22,20,27,40,9,27,3,40,15,16,45,23,8,11,11,3,12,10,1,5,2,0,2,0,3,0,1,1,0,0,0,0,0,0,0
40,135,99,119,215,70,123,45,173,80,69,176,97,29,78,47,20,47,30,14,10,11,0,5,4,4,5,5,3,1,0,2,0,0,0,0
12,12,18,22,33,6,12,8,29,3,6,24,9,4,8,5,1,9,1,0,3,0,0,0,0,0,1,1,0,0,0,0,0,0,0,0
25,46,43,72,104,35,47,15,63,17,35,45,31,12,18,12,0,27,10,5,3,8,0,2,2,1,2,8,1,0,0,0,0,0,0,0
81,178,206,146,340,104,207,76,310,157,101,366,187,78,90,58,14,57,36,17,22,33,0,15,3,13,10,7,5,2,1,1,1,0,0,0
31,75,47,55,81,31,47,27,67,24,32,106,49,15,26,22,7,28,7,3,3,8,1,3,2,2,2,3,1,0,0,1,0,0,0,0
1,4,6,4,9,4,8,1,7,3,2,15,5,1,4,4,0,4,0,1,1,0,0,0,0,2,1,0,0,0,0,0,0,0,0,0
0,2,0,1,1,1,1,1,0,0,0,5,5,1,0,0,0,0,0,1,0,0,0,0,0,0,0,0,0,0,0,0,0,0,0,0
36,74,81,72,132,35,83,24,112,41,29,97,41,21,46,30,7,13,13,7,9,5,0,5,1,1,2,3,5,0,0,0,0,0,0,0
57,174,153,107,253,76,165,59,210,78,61,265,144,45,83,41,18,36,26,27,19,25,0,9,3,7,5,10,4,1,2,1,0,0,0,0
145,301,302,278,628,138,374,80,449,189,135,548,238,109,169,117,32,98,55,27,37,37,1,22,4,16,7,9,11,2,0,0,0,1,0,0
63,196,190,140,303,109,198,67,283,83,95,224,109,64,107,81,20,22,18,12,18,15,0,19,3,12,5,7,9,1,1,0,0,0,0,0
14,45,47,37,68,26,42,16,84,26,21,77,36,16,16,25,3,18,12,3,6,6,0,2,0,1,1,3,1,1,0,0,0,0,0,0
25,24,27,20,51,13,19,3,30,18,8,42,17,11,8,11,6,17,2,0,3,2,0,3,0,2,2,6,0,0,0,0,0,0,0,0
174,423,398,379,757,242,348,127,613,406,243,556,309,92,188,114,56,189,84,43,35,60,2,29,1,27,6,18,7,2,0,2,0,0,0,0
70,262,195,178,312,108,148,86,301,151,112,285,146,25,93,62,12,64,53,23,24,20,0,15,2,10,14,16,10,1,0,4,0,0,0,0
23,70,73,69,147,29,70,25,96,40,49,112,75,25,34,31,8,12,13,3,11,4,0,1,2,10,4,0,1,0,0,1,0,0,0,0
26,66,87,66,131,36,74,32,110,62,33,121,62,20,40,25,6,21,13,10,12,10,0,3,3,6,1,4,1,0,0,0,0,0,0,0
24,65,52,64,86,45,64,15,78,53,22,98,54,15,17,23,6,21,9,6,0,6,1,0,2,6,4,5,3,0,0,0,0,0,0,0
10,8,12,7,21,6,5,5,14,8,4,19,5,1,4,3,0,11,0,1,0,2,0,0,0,0,0,0,0,0,0,0,0,0,0,0
2,0,0,2,3,1,4,1,3,1,0,4,2,0,1,0,0,0,0,0,0,0,0,0,0,0,0,0,0,0,0,0,0,0,0,0
8,24,18,18,26,13,10,7,18,25,11,20,16,1,7,5,5,4,9,1,1,2,1,0,0,1,0,0,0,0,0,0,0,0,0,0
17,53,58,58,107,24,35,8,59,39,34,54,42,5,13,26,2,20,6,1,7,4,0,0,1,6,2,4,0,0,1,0,0,0,0,0
13,49,29,29,60,17,28,12,48,39,19,64,30,4,16,11,4,24,8,5,5,6,0,2,1,2,1,3,0,0,1,0,0,0,0,0
6,23,17,14,30,10,22,6,24,4,10,28,25,4,9,3,1,2,3,0,1,1,0,0,0,0,0,2,0,0,0,0,0,0,0,0
7,30,22,36,45,18,23,7,38,11,13,48,21,4,12,8,2,15,0,4,1,2,0,0,0,3,1,0,1,0,0,0,0,0,0,0
17,31,51,32,68,19,16,14,44,15,18,45,30,6,12,11,1,13,7,1,2,4,0,2,0,3,1,0,1,0,0,0,0,0,0,0
18,55,72,47,120,29,49,25,104,26,31,84,50,10,38,20,9,18,13,9,2,5,0,6,0,0,0,0,2,2,0,0,1,0,0,0
23,47,59,52,112,25,60,25,99,55,30,86,42,25,27,15,6,21,8,3,7,10,0,2,0,5,1,1,0,0,0,0,0,0,0,0
43,134,104,104,200,80,88,62,161,59,77,151,65,26,46,18,10,56,25,8,10,10,0,2,3,6,4,5,3,0,0,0,0,0,0,0
13,20,15,24,36,14,24,2,26,9,9,17,11,5,9,2,3,13,3,0,0,1,0,0,0,2,1,1,0,0,0,0,0,0,0,0
11,23,24,15,36,11,9,6,28,14,8,35,10,3,9,7,5,16,8,1,1,3,0,1,0,1,0,0,0,1,0,0,0,0,0,0
77,164,221,184,379,117,205,98,312,114,147,284,185,55,122,73,35,64,44,32,29,25,0,17,4,10,7,7,7,0,1,0,0,0,0,0
0,12,12,6,21,6,6,3,12,8,3,14,4,0,3,2,0,8,2,2,1,1,0,0,0,0,0,1,0,0,0,0,0,0,0,0
13,43,37,30,82,30,35,13,46,36,19,83,45,10,17,11,9,20,10,2,4,4,0,1,0,1,2,1,2,0,0,0,0,0,0,0
81,208,226,161,373,127,245,52,284,69,119,337,190,77,125,89,30,53,36,22,26,23,2,11,1,10,6,15,15,3,0,1,0,0,0,0
8,29,28,27,44,21,22,18,41,21,17,25,13,3,12,8,2,7,5,2,3,3,0,0,0,0,0,1,0,0,0,0,0,0,0,0
31,94,76,83,176,50,88,30,138,42,60,146,86,26,31,26,11,17,11,12,9,11,0,12,0,9,1,1,2,0,0,0,0,0,0,0
91,218,252,243,450,129,224,100,381,147,150,315,175,53,116,95,17,80,53,23,34,17,1,28,0,14,3,12,8,2,2,1,0,0,0,0
4,15,6,13,25,7,9,3,17,6,7,11,7,3,5,4,0,3,1,0,1,0,0,0,1,0,0,1,0,0,0,0,0,0,0,0
27,107,74,86,150,55,101,30,105,102,36,196,97,28,52,39,7,22,26,11,4,5,0,4,1,3,1,4,0,0,0,0,0,0,0,0
129,283,359,286,565,162,320,105,454,229,218,483,329,107,165,146,25,69,59,20,67,35,1,16,5,21,14,9,20,3,1,3,0,0,0,0
39,83,83,67,141,48,88,30,137,39,36,120,73,25,38,32,2,18,10,3,15,11,0,5,1,7,0,6,6,1,1,0,0,0,0,0
5,12,10,12,20,11,10,3,11,12,7,11,9,1,7,2,0,3,2,0,2,2,0,2,0,0,0,0,1,0,0,0,0,0,0,0
5,10,19,22,47,5,12,5,15,13,6,19,10,6,4,9,4,2,2,0,0,1,0,0,0,2,0,0,0,0,0,0,0,0,0,0
6,11,23,12,32,8,8,2,20,10,2,20,8,4,4,11,1,2,3,3,1,1,0,3,0,0,0,0,1,0,0,0,0,0,0,0
37,98,85,69,145,48,129,25,137,65,46,177,90,49,50,23,5,13,22,7,7,8,1,5,2,1,2,4,4,0,0,0,0,0,0,0
44,124,124,100,192,60,103,60,181,50,52,177,109,43,39,38,7,16,18,9,14,8,1,6,1,7,3,6,4,2,0,0,0,0,0,0
79,193,169,167,283,123,264,81,263,118,89,393,193,40,128,67,24,57,30,19,32,28,1,11,2,33,7,11,4,1,0,2,0,0,0,0
39,148,105,111,219,90,207,46,195,86,57,283,136,49,113,46,8,28,19,19,12,15,2,7,0,19,2,9,1,3,0,0,0,0,0,0
4,11,9,11,23,4,8,7,17,4,6,10,8,4,3,4,0,5,1,2,1,2,0,2,0,0,0,0,1,0,0,0,0,0,0,0
137,474,447,470,718,261,362,134,625,258,282,404,228,106,193,153,21,77,90,43,46,43,2,24,9,30,18,33,15,3,4,2,0,0,0,1
10,18,32,22,56,20,18,5,41,23,24,41,26,7,10,10,6,14,1,4,1,2,0,4,0,5,1,0,1,0,0,0,0,0,0,0
12,16,23,16,38,9,29,5,18,10,5,40,16,5,13,11,0,8,3,1,7,7,0,3,0,1,1,1,1,0,0,0,0,0,0,0
4,4,7,4,16,0,6,0,8,2,2,9,6,1,3,1,0,4,0,1,0,0,0,0,0,0,0,0,0,0,0,0,0,0,0,0
43,172,139,102,210,113,189,58,225,60,66,282,105,69,72,66,15,61,34,18,22,21,0,10,5,20,11,5,19,2,0,0,1,0,0,0
16,38,39,26,71,24,39,7,54,18,23,70,23,15,19,9,4,29,7,2,3,3,0,1,2,1,1,3,2,2,0,0,0,0,0,0
207,463,508,442,886,213,421,177,689,270,320,582,341,117,219,165,52,121,71,46,31,39,2,43,8,38,18,22,14,5,5,1,0,0,0,0
6,50,39,26,78,21,45,17,59,18,14,69,31,14,22,10,4,8,5,4,2,4,1,3,1,1,0,1,3,0,1,0,0,0,0,0
9,26,32,23,42,15,21,7,24,12,13,34,27,4,15,9,0,5,5,2,5,0,1,1,1,0,1,1,1,0,0,0,0,0,0,0
43,132,124,116,258,74,96,36,198,134,69,233,116,32,50,33,21,71,22,16,8,9,2,5,2,9,2,8,0,0,2,0,0,1,0,0
68,193,214,199,393,117,180,64,256,100,117,252,166,41,102,80,19,44,27,17,26,28,1,12,6,11,8,1,4,0,1,2,0,0,0,0
77,168,192,178,350,107,171,76,289,105,97,256,147,47,95,94,8,37,51,21,25,38,0,7,2,9,7,6,4,4,1,0,0,0,0,0
9,18,20,14,26,14,29,5,26,6,11,41,21,10,15,10,1,3,7,1,3,2,0,1,0,2,0,2,1,0,0,0,0,0,0,0
38,88,128,84,202,70,109,44,186,31,65,151,69,34,56,32,13,39,16,7,7,6,0,5,3,15,2,3,7,2,3,0,0,0,0,0
60,135,185,123,344,76,146,35,211,116,66,261,179,33,70,40,10,43,23,11,21,25,1,14,1,6,0,6,5,2,0,0,0,0,0,0
61,94,141,84,237,55,102,36,200,59,49,188,91,25,66,38,11,71,19,10,11,18,0,13,3,7,0,3,0,3,0,0,0,0,0,0
57,140,130,100,222,62,85,43,190,52,59,208,85,16,70,53,10,83,29,12,14,17,0,15,1,11,4,7,4,1,0,3,1,0,0,0
10,13,27,21,43,15,25,5,38,19,13,27,14,4,9,8,2,2,3,1,1,3,0,1,1,3,3,1,0,0,0,0,0,0,0,0
24,30,38,35,74,27,43,14,52,28,47,72,42,23,17,13,12,18,6,2,0,4,0,1,0,5,0,1,4,0,1,1,0,0,0,0
2,5,5,2,9,1,8,1,8,0,3,10,4,2,2,3,2,2,0,1,4,1,0,1,0,1,0,0,0,0,0,0,0,0,0,0
24,72,79,50,124,46,48,31,93,16,40,78,46,13,31,32,14,20,22,15,1,9,0,5,0,6,0,2,4,0,0,1,0,0,0,0
8,34,28,23,35,13,19,7,34,12,8,57,29,7,12,13,2,11,4,1,0,1,0,2,0,2,0,0,3,0,0,0,0,0,0,0
2,11,11,13,17,4,16,1,11,1,8,26,16,2,6,3,0,2,2,0,0,1,0,1,0,1,0,0,1,0,0,0,0,0,0,0
5,21,26,25,31,13,17,16,30,7,7,21,21,6,8,5,2,0,1,4,2,1,0,1,1,2,2,0,0,0,0,0,0,0,0,0
2,18,24,28,37,13,30,7,27,6,12,44,24,10,11,5,1,1,8,1,3,4,0,3,0,1,3,0,1,0,0,0,0,0,0,0
71,213,239,188,392,116,223,96,343,69,110,318,131,85,106,68,21,59,47,29,11,22,0,18,2,25,6,7,3,2,0,0,0,0,0,0
5,20,26,20,43,8,29,5,38,16,12,39,22,7,8,13,2,3,4,1,2,3,0,1,0,1,0,1,5,0,0,0,0,0,0,0
5,49,27,33,50,27,29,17,56,24,24,71,38,9,10,12,6,19,4,6,1,0,0,2,0,3,2,2,0,0,0,0,0,0,0,0
15,32,24,26,40,13,29,15,34,11,11,52,28,9,11,6,0,5,6,1,4,3,0,0,0,3,2,0,0,0,0,0,0,0,0,0
11,53,30,38,46,28,44,9,32,12,9,72,42,22,19,9,0,3,5,3,5,1,0,1,0,2,3,2,4,0,0,0,1,0,0,0
30,72,91,64,181,54,100,36,98,49,42,127,79,39,37,33,11,13,11,10,15,13,0,9,1,10,0,6,2,0,0,0,0,0,0,0
12,18,16,18,28,10,31,8,28,6,4,43,16,8,14,10,1,12,6,1,4,4,0,0,0,3,0,0,0,0,0,0,0,0,0,0
3,9,7,5,17,4,10,2,14,13,7,18,9,3,3,2,1,5,4,0,1,0,0,0,1,0,1,0,1,0,0,0,0,0,0,0
2,6,5,6,6,1,5,2,7,5,3,5,0,3,1,0,0,1,0,1,1,0,0,0,0,0,0,0,0,0,0,0,0,0,0,0
5,15,13,9,20,5,13,2,18,8,5,25,13,4,9,4,0,2,5,1,1,2,0,0,0,1,0,1,0,0,0,0,0,0,0,0
105,345,406,330,593,161,293,116,523,217,231,363,181,99,169,91,87,174,73,29,30,29,1,15,0,45,14,21,10,4,3,0,0,0,0,0
18,57,58,38,87,27,60,23,68,16,29,90,49,20,28,14,12,23,21,5,9,5,0,2,0,4,0,5,1,1,0,1,0,0,0,0
29,86,100,94,183,55,111,33,139,67,58,147,76,33,43,40,7,28,15,10,17,14,0,6,3,14,2,2,6,1,2,0,0,0,0,0
3,13,4,3,8,2,6,0,6,6,3,9,7,1,1,5,0,1,0,2,1,0,0,0,0,0,0,0,0,0,0,0,0,0,0,0
11,10,11,13,24,8,13,10,18,1,8,21,13,2,6,5,0,1,3,2,4,4,0,0,1,0,0,1,0,0,0,0,0,0,0,0
6,20,14,24,33,12,9,7,32,16,13,27,15,3,3,7,3,13,6,1,2,0,0,0,0,2,1,0,1,0,0,0,0,0,0,0
15,13,12,9,29,8,9,6,28,10,10,22,9,2,6,2,2,16,6,1,1,0,0,1,0,1,0,2,0,0,0,0,0,0,0,0
33,86,80,79,148,48,63,40,120,46,53,129,89,13,32,29,6,36,13,9,10,20,1,2,0,2,0,1,4,1,0,0,0,0,0,0
14,73,56,63,98,25,63,30,70,51,33,53,33,13,28,17,5,11,6,8,3,3,0,2,2,3,1,2,1,1,0,1,0,0,0,0
11,17,41,31,57,15,30,14,44,17,21,30,17,10,19,11,3,6,4,4,3,0,0,0,1,1,3,1,1,0,0,0,0,0,0,0
2,8,9,5,17,0,6,2,13,75,1,12,4,1,2,3,1,2,0,1,0,1,0,0,0,1,0,0,0,0,1,0,0,0,0,0
13,44,55,35,98,29,56,15,82,33,24,56,40,21,29,38,0,4,10,4,7,3,0,6,1,3,2,1,12,0,0,0,0,0,0,0
0,2,1,1,3,2,4,5,4,6,0,2,0,0,3,0,0,2,0,0,0,1,0,0,0,0,0,0,0,0,0,0,0,0,0,0
133,405,513,388,771,251,479,204,688,207,172,679,372,160,241,139,34,98,67,53,31,58,0,30,0,22,18,19,13,1,0,4,0,2,0,0
4,25,24,22,33,9,11,4,24,16,13,15,15,2,5,9,1,5,5,1,0,3,0,2,0,1,0,0,0,0,0,0,0,0,0,0
73,136,169,154,340,87,186,61,242,92,63,270,159,37,115,55,10,52,27,24,22,20,0,9,7,9,4,7,2,2,0,0,0,0,0,0
7,42,36,26,50,21,19,14,53,23,8,53,20,9,8,14,6,13,6,3,1,2,0,1,0,0,1,2,2,0,0,1,0,0,0,0
38,213,134,143,253,78,140,47,186,111,85,226,137,23,75,28,17,77,34,9,10,20,0,1,2,5,1,3,2,0,1,2,0,0,0,0
185,373,396,378,743,249,493,140,582,275,223,657,306,169,184,147,29,118,52,52,49,53,3,17,6,29,10,17,14,3,4,3,0,0,0,0
7,28,36,37,44,16,35,11,37,9,10,44,24,10,15,12,0,3,0,8,7,0,0,1,1,2,1,2,0,0,0,0,0,0,0,0
31,123,82,60,179,82,100,42,113,52,29,172,85,30,40,48,11,21,20,12,15,13,0,9,1,6,3,8,1,1,0,0,0,0,0,0
2,16,11,11,19,11,15,7,21,12,5,22,9,3,7,2,1,9,6,1,1,1,0,1,0,0,0,0,0,0,0,0,0,0,0,0
86,226,171,207,355,143,276,70,225,132,82,407,206,97,102,68,15,50,39,23,26,22,0,4,3,8,4,6,9,1,1,0,0,0,0,0
42,79,95,103,173,30,72,31,129,44,57,127,67,24,45,68,8,21,17,17,17,11,0,8,1,9,2,1,6,0,1,4,1,0,0,0
6,25,20,28,35,16,24,8,38,19,20,30,24,6,12,6,2,2,8,2,0,5,0,2,0,1,0,0,2,0,0,0,0,0,0,0
42,158,130,112,273,122,155,56,178,127,76,294,175,20,78,50,9,61,23,17,18,25,0,11,3,9,1,5,2,0,0,2,0,0,0,0
32,63,75,98,148,39,96,17,128,68,46,101,58,27,57,31,7,16,13,7,13,13,1,5,2,7,5,7,6,0,0,0,0,0,0,0
11,47,38,36,55,29,16,7,35,10,7,52,31,4,11,23,4,13,5,2,3,4,0,1,0,3,1,1,1,0,0,0,0,0,0,0
5,3,4,4,10,3,3,1,6,2,3,6,2,0,2,1,1,2,1,0,0,0,0,0,2,0,0,1,0,0,0,0,0,0,0,0
29,27,40,31,73,15,31,22,72,22,17,56,24,8,18,13,1,9,7,2,4,6,0,2,0,1,0,4,1,3,0,0,0,0,0,0
233,552,589,461,922,247,434,179,788,202,290,847,293,123,260,153,52,467,139,43,43,49,0,32,10,46,24,10,19,1,2,2,0,0,0,0
2,15,8,11,16,8,13,7,14,8,5,24,10,2,5,0,0,0,0,0,0,0,0,0,0,0,0,0,0,0,0,0,0,0,0,0
37,93,77,75,173,44,78,35,104,69,36,113,50,19,49,22,12,38,16,5,8,14,0,7,1,7,7,4,0,1,0,1,0,0,0,0
33,66,80,74,126,50,70,34,114,44,42,137,55,14,50,25,16,50,23,12,5,6,0,6,2,11,4,1,1,0,2,0,0,0,0,0
41,80,84,73,154,58,140,31,108,46,54,178,77,48,54,35,8,47,17,17,7,11,0,6,0,4,2,3,3,0,0,1,0,0,0,0
130,429,432,372,733,212,460,167,616,212,239,657,372,138,206,160,34,80,49,28,41,35,1,27,8,47,26,33,15,2,0,3,0,0,0,0
6,50,42,40,83,31,44,10,46,36,34,53,32,12,21,22,1,11,8,3,2,2,0,4,0,5,0,3,0,0,0,0,0,0,0,0
4,16,20,10,39,9,17,14,32,10,7,26,8,5,7,4,2,12,1,3,4,0,0,1,0,1,0,1,0,0,0,0,0,0,0,0
25,68,60,65,110,31,58,25,111,40,49,87,45,19,30,15,1,23,15,8,6,9,1,5,0,6,1,1,3,0,0,0,0,0,0,0
26,61,44,40,91,39,65,14,94,40,30,129,68,23,36,17,8,22,13,7,9,4,0,1,0,6,0,3,2,1,0,0,0,0,0,0
82,187,198,213,411,114,157,47,264,135,113,224,108,33,89,65,40,112,39,15,14,23,0,6,2,12,3,4,12,1,0,1,0,0,0,0
8,27,30,17,63,18,23,11,42,20,13,31,22,8,14,3,4,3,2,3,0,3,0,0,0,1,1,0,1,0,0,0,0,0,0,0
14,51,47,41,77,21,29,12,59,17,18,59,30,13,16,18,4,9,14,2,3,3,0,4,1,4,0,0,4,1,0,0,0,0,0,0
49,117,134,82,207,62,116,30,159,79,56,205,109,34,66,61,6,42,29,15,14,21,0,8,1,8,1,5,12,0,0,1,0,0,0,0
192,410,458,312,766,242,253,165,598,337,194,590,284,65,137,162,57,167,61,40,29,52,3,24,9,29,13,23,6,3,3,4,0,0,0,0
12,17,16,12,36,13,16,4,23,10,10,24,4,3,11,4,3,14,5,1,2,3,0,0,0,1,0,1,0,0,0,0,0,0,0,0
42,120,78,89,155,55,74,40,123,60,55,143,82,16,47,33,8,33,13,9,9,17,0,3,0,8,1,3,0,0,0,1,0,0,0,0
138,242,301,289,621,134,385,96,418,108,156,463,237,101,223,119,35,109,47,32,47,22,0,21,2,14,6,13,10,4,2,0,0,0,0,0
1,5,4,3,8,4,3,3,7,0,5,4,3,3,1,2,0,0,1,1,1,0,0,0,0,0,1,0,1,0,0,0,0,0,0,0
42,62,78,72,134,37,69,19,102,66,30,130,69,18,30,24,9,36,8,19,8,8,0,3,0,8,0,6,7,1,2,0,0,0,0,0
75,163,209,172,297,105,190,73,276,67,97,259,148,50,100,59,11,35,19,15,20,22,0,9,3,16,6,9,13,2,0,0,0,0,0,0
51,121,102,78,167,70,96,52,132,76,51,165,85,19,52,26,5,44,15,12,3,11,0,2,2,3,3,3,1,0,0,1,0,0,0,0
8,24,27,16,40,16,15,9,36,19,11,28,15,3,11,5,0,10,5,4,1,3,0,1,0,1,1,3,1,1,0,0,0,0,0,0
10,40,46,34,85,23,26,8,60,29,23,62,29,7,19,12,4,23,9,2,3,2,0,5,0,1,1,1,3,1,0,0,0,0,0,0
1,0,0,0,1,0,1,0,0,2,0,1,1,0,1,1,0,0,0,0,0,0,0,0,0,0,0,0,0,0,0,0,0,0,0,0
19,44,27,42,75,28,43,12,53,14,17,78,44,7,21,12,7,17,4,3,6,7,0,2,0,5,4,0,0,0,0,1,0,0,0,0
28,50,35,34,79,18,39,10,49,20,24,88,45,10,24,13,4,14,3,6,0,6,0,1,0,2,0,1,1,0,0,1,0,0,0,0
34,83,65,58,123,45,57,21,99,63,40,111,61,16,25,33,17,27,18,6,11,10,1,3,0,7,3,6,3,1,1,0,0,0,0,0
16,46,39,40,77,21,51,12,72,16,26,80,35,19,27,13,12,22,8,4,9,9,0,8,0,3,0,1,7,0,0,0,0,0,0,0
57,137,70,75,123,50,70,39,86,56,21,215,58,16,41,20,2,89,16,8,7,13,0,0,3,7,0,6,0,1,0,1,0,0,0,0
4,10,5,8,13,2,9,3,12,2,3,13,5,1,4,1,0,2,2,1,1,2,0,0,0,1,0,0,0,0,0,0,0,0,0,0
15,22,34,14,51,16,18,18,32,19,3,46,16,3,14,13,8,18,1,7,2,5,0,1,0,0,0,1,1,0,0,3,0,0,0,0
27,85,72,77,166,49,63,31,109,57,28,105,68,18,34,31,4,14,19,7,4,2,0,6,1,4,0,3,6,0,0,0,0,0,0,0
18,52,38,44,78,26,60,18,63,38,22,89,36,17,35,28,10,16,3,6,11,9,0,3,0,2,2,6,4,0,1,0,0,0,0,0
58,128,149,119,293,53,188,55,159,136,54,226,94,51,82,60,11,40,18,19,12,15,0,15,1,10,4,6,15,0,4,0,0,0,0,0
8,18,22,25,47,15,23,10,30,10,13,21,8,5,9,3,2,16,3,3,0,3,0,2,1,1,0,1,1,1,0,0,0,0,0,0
6,43,23,16,31,6,22,11,40,16,12,49,17,5,13,14,3,17,16,5,6,4,0,2,1,0,0,1,0,0,0,0,0,0,0,0
50,172,165,131,285,106,216,54,225,85,92,299,143,82,80,47,11,39,27,13,12,11,1,13,1,16,4,8,11,2,2,1,0,0,0,0
25,87,102,53,171,33,100,21,138,20,22,188,98,26,32,38,11,24,22,12,13,6,0,5,0,5,1,2,1,1,0,0,0,0,0,0
51,98,115,74,206,63,49,38,159,75,44,163,63,7,45,18,25,76,22,13,4,9,0,2,0,1,7,6,3,0,0,0,0,0,0,0
54,138,112,99,215,85,115,38,182,138,74,245,128,24,71,49,50,54,18,5,11,21,0,4,0,9,1,4,1,2,1,1,0,0,0,0
36,92,103,71,161,59,126,26,157,52,49,162,69,30,85,29,13,46,11,5,8,8,0,4,2,7,2,10,7,2,0,0,0,0,0,0
46,104,124,103,222,101,96,39,214,40,46,193,60,26,54,18,8,102,31,10,7,18,0,10,1,9,3,9,2,5,0,0,0,0,0,0
151,335,360,336,769,212,272,151,491,428,197,517,254,47,162,117,20,159,55,46,34,40,3,15,2,12,5,10,12,1,5,0,0,0,0,0
32,70,58,62,116,37,81,18,100,17,41,113,64,29,36,20,3,14,10,1,8,8,1,1,1,2,0,2,4,0,1,0,0,0,0,0
12,58,53,49,83,35,38,16,71,23,16,50,31,15,17,20,1,8,9,2,3,3,0,6,0,1,2,1,1,2,0,0,0,0,0,0
9,10,20,11,29,10,22,6,21,5,12,22,16,5,7,4,1,1,2,4,1,1,0,0,1,1,1,0,0,0,0,0,0,0,0,0
6,57,37,33,61,26,25,22,44,12,17,60,14,6,12,13,10,30,8,5,2,2,0,1,0,1,1,0,1,0,0,1,0,0,0,0
33,115,114,109,241,75,121,33,174,46,70,117,98,20,57,51,24,53,28,12,10,15,0,10,3,6,2,3,4,3,1,0,0,0,0,0
68,233,214,206,386,125,208,57,369,126,119,335,160,61,100,56,20,110,43,16,24,24,0,23,8,14,13,2,10,3,0,1,0,0,0,0
12,30,26,25,44,15,21,4,21,15,11,32,26,4,20,5,6,8,2,0,0,3,0,3,1,1,0,0,0,0,0,0,0,0,0,0
0,6,2,1,6,1,4,0,1,4,0,12,3,2,1,1,0,3,0,0,0,0,0,0,0,0,0,0,1,0,0,0,0,0,0,0
36,175,147,142,252,79,93,42,166,71,40,292,133,26,46,52,14,90,20,8,15,29,0,15,0,12,3,4,4,3,2,0,0,0,0,0
22,85,74,70,125,29,68,34,117,42,31,121,64,18,52,32,5,24,7,12,8,6,0,6,0,7,3,2,5,0,0,0,0,0,0,0
17,52,45,31,77,16,59,20,78,25,21,60,23,22,25,6,3,4,8,3,3,11,1,2,0,7,4,2,2,1,0,0,0,0,0,0
5,6,8,1,11,2,2,3,6,2,5,7,6,1,0,5,0,3,0,1,2,1,0,1,0,0,0,1,0,0,0,0,0,0,0,0
13,57,48,40,81,19,35,6,50,37,14,44,28,10,10,16,10,17,2,3,3,8,0,4,1,1,0,2,1,1,1,1,0,0,0,0
8,58,45,41,87,14,29,15,52,27,15,50,29,3,17,10,11,19,4,6,5,3,1,2,0,2,0,2,0,0,0,1,0,0,0,0
13,24,50,36,80,11,35,11,57,33,20,45,30,7,18,22,0,6,8,5,13,5,0,3,0,3,1,4,1,0,0,0,0,0,0,0
12,15,12,12,18,5,17,5,17,10,7,33,20,3,11,5,0,13,1,1,2,2,0,0,0,3,0,0,1,0,0,0,0,0,0,0
12,29,26,26,50,14,25,10,55,9,9,61,18,9,16,8,2,17,5,4,1,3,0,1,1,0,2,4,1,1,0,1,0,0,0,0
90,247,222,253,359,117,295,72,350,185,108,546,286,108,136,119,28,59,49,25,29,26,0,24,0,12,5,4,13,1,0,5,0,0,0,0
23,66,50,63,96,57,31,21,83,33,42,75,50,7,23,13,20,33,16,5,1,3,0,3,1,4,1,4,4,1,0,0,0,0,0,0
9,33,27,30,65,14,41,14,40,14,13,57,21,14,12,13,3,19,6,3,4,6,0,1,1,0,1,1,3,0,1,1,0,0,0,0
7,16,26,19,37,18,7,7,29,23,15,30,17,0,4,7,6,10,11,1,1,2,0,0,0,1,0,0,0,0,0,0,0,0,0,0
169,414,358,322,767,185,444,133,521,325,183,720,360,123,211,145,28,163,62,31,46,41,2,19,5,34,10,18,23,2,1,3,0,0,0,0
40,115,76,81,168,49,86,37,123,67,35,211,95,25,50,28,13,58,15,8,7,8,0,2,2,8,4,7,0,0,0,0,0,0,0,0
13,30,43,51,84,16,53,8,58,10,19,91,37,17,28,20,2,20,10,8,11,5,0,2,0,2,4,3,2,0,1,0,0,0,0,0
48,154,126,101,198,53,159,35,160,65,54,163,72,46,73,51,10,24,16,14,9,13,1,9,1,14,9,3,4,1,0,0,0,0,0,0
15,54,45,31,111,24,46,12,84,11,15,80,46,14,25,19,6,22,10,5,5,4,0,4,0,5,0,3,1,0,0,0,0,0,0,0
4,10,7,7,16,3,11,5,15,0,1,19,9,2,6,4,0,2,0,1,2,0,0,1,1,2,0,0,0,0,0,0,0,0,0,0
38,65,106,59,167,58,91,32,114,31,37,142,91,19,49,24,8,15,15,11,7,7,0,5,0,6,2,3,4,0,0,1,0,0,0,0
16,19,31,23,58,28,27,10,43,34,17,49,12,9,14,16,4,20,8,2,2,2,0,0,0,4,0,2,0,0,0,2,0,0,0,0
191,556,390,374,687,335,495,162,583,263,264,665,398,115,226,163,37,121,59,35,52,44,0,12,5,40,15,21,14,1,1,0,0,0,0,0
5,43,23,25,43,22,32,7,34,16,23,49,27,4,27,13,8,9,6,1,7,7,0,1,0,3,0,1,0,0,0,0,0,0,0,0
9,22,28,24,42,15,14,11,51,11,18,28,15,5,7,7,5,14,7,1,6,3,0,0,0,6,2,1,0,0,0,0,0,0,0,0
